INSERT INTO DIRECTOR (DirectorID, FullName, Birthday) VALUES (1, 'Jane Byrd', TO_DATE('1985-12-03', 'YYYY-MM-DD'));
INSERT INTO DIRECTOR (DirectorID, FullName, Birthday) VALUES (2, 'Letitia Ferguson', TO_DATE('1999-06-30', 'YYYY-MM-DD'));
INSERT INTO DIRECTOR (DirectorID, FullName, Birthday) VALUES (3, 'Jesse Payne', TO_DATE('1952-03-28', 'YYYY-MM-DD'));
INSERT INTO DIRECTOR (DirectorID, FullName, Birthday) VALUES (4, 'April Patterson', TO_DATE('1977-06-27', 'YYYY-MM-DD'));
INSERT INTO DIRECTOR (DirectorID, FullName, Birthday) VALUES (5, 'Andre West', TO_DATE('1988-08-19', 'YYYY-MM-DD'));
INSERT INTO DIRECTOR (DirectorID, FullName, Birthday) VALUES (6, 'Joyce Torres', TO_DATE('1964-02-19', 'YYYY-MM-DD'));
INSERT INTO DIRECTOR (DirectorID, FullName, Birthday) VALUES (7, 'Sheila Nichols', TO_DATE('1986-11-12', 'YYYY-MM-DD'));
INSERT INTO DIRECTOR (DirectorID, FullName, Birthday) VALUES (8, 'Deann Ramirez', TO_DATE('1951-05-14', 'YYYY-MM-DD'));
INSERT INTO DIRECTOR (DirectorID, FullName, Birthday) VALUES (9, 'Claudia Schmidt', TO_DATE('1990-03-29', 'YYYY-MM-DD'));
INSERT INTO DIRECTOR (DirectorID, FullName, Birthday) VALUES (10, 'Maureen Ferguson', TO_DATE('1979-10-12', 'YYYY-MM-DD'));
INSERT INTO DIRECTOR (DirectorID, FullName, Birthday) VALUES (11, 'Cameron Mckinney', TO_DATE('1999-01-21', 'YYYY-MM-DD'));
INSERT INTO DIRECTOR (DirectorID, FullName, Birthday) VALUES (12, 'Elaine Morgan', TO_DATE('1973-09-28', 'YYYY-MM-DD'));
INSERT INTO DIRECTOR (DirectorID, FullName, Birthday) VALUES (13, 'David Morris', TO_DATE('1991-09-15', 'YYYY-MM-DD'));
INSERT INTO DIRECTOR (DirectorID, FullName, Birthday) VALUES (14, 'Judy Jimenez', TO_DATE('1958-10-19', 'YYYY-MM-DD'));
INSERT INTO DIRECTOR (DirectorID, FullName, Birthday) VALUES (15, 'Roland Jackson', TO_DATE('1969-04-15', 'YYYY-MM-DD'));
INSERT INTO DIRECTOR (DirectorID, FullName, Birthday) VALUES (16, 'Alvin Hudson', TO_DATE('1953-09-13', 'YYYY-MM-DD'));
INSERT INTO DIRECTOR (DirectorID, FullName, Birthday) VALUES (17, 'Julia Warren', TO_DATE('1987-01-18', 'YYYY-MM-DD'));
INSERT INTO DIRECTOR (DirectorID, FullName, Birthday) VALUES (18, 'Jenny Gray', TO_DATE('1971-01-13', 'YYYY-MM-DD'));
INSERT INTO DIRECTOR (DirectorID, FullName, Birthday) VALUES (19, 'Alvin Bishop', TO_DATE('1997-05-17', 'YYYY-MM-DD'));
INSERT INTO DIRECTOR (DirectorID, FullName, Birthday) VALUES (20, 'Tamara Graves', TO_DATE('1958-01-08', 'YYYY-MM-DD'));
INSERT INTO DIRECTOR (DirectorID, FullName, Birthday) VALUES (21, 'Arianna Turner', TO_DATE('1982-05-29', 'YYYY-MM-DD'));
INSERT INTO DIRECTOR (DirectorID, FullName, Birthday) VALUES (22, 'Dora Hughes', TO_DATE('1954-06-28', 'YYYY-MM-DD'));
INSERT INTO DIRECTOR (DirectorID, FullName, Birthday) VALUES (23, 'Lewis Carpenter', TO_DATE('1966-10-10', 'YYYY-MM-DD'));
INSERT INTO DIRECTOR (DirectorID, FullName, Birthday) VALUES (24, 'Jason Kelly', TO_DATE('1993-09-12', 'YYYY-MM-DD'));
INSERT INTO DIRECTOR (DirectorID, FullName, Birthday) VALUES (25, 'Jeanette Ford', TO_DATE('1953-05-08', 'YYYY-MM-DD'));
INSERT INTO DIRECTOR (DirectorID, FullName, Birthday) VALUES (26, 'Kylie Jordan', TO_DATE('1998-04-22', 'YYYY-MM-DD'));
INSERT INTO DIRECTOR (DirectorID, FullName, Birthday) VALUES (27, 'Nina Beck', TO_DATE('1951-04-11', 'YYYY-MM-DD'));
INSERT INTO DIRECTOR (DirectorID, FullName, Birthday) VALUES (28, 'Dora Ross', TO_DATE('1952-07-29', 'YYYY-MM-DD'));
INSERT INTO DIRECTOR (DirectorID, FullName, Birthday) VALUES (29, 'Martha Harper', TO_DATE('1981-06-03', 'YYYY-MM-DD'));
INSERT INTO DIRECTOR (DirectorID, FullName, Birthday) VALUES (30, 'Audrey Carr', TO_DATE('1964-07-15', 'YYYY-MM-DD'));
INSERT INTO DIRECTOR (DirectorID, FullName, Birthday) VALUES (31, 'Leslie Meyer', TO_DATE('1994-09-20', 'YYYY-MM-DD'));
INSERT INTO DIRECTOR (DirectorID, FullName, Birthday) VALUES (32, 'Daisy Gray', TO_DATE('1961-08-21', 'YYYY-MM-DD'));
INSERT INTO DIRECTOR (DirectorID, FullName, Birthday) VALUES (33, 'Nelson Johnson', TO_DATE('1974-10-19', 'YYYY-MM-DD'));
INSERT INTO DIRECTOR (DirectorID, FullName, Birthday) VALUES (34, 'Ray Kim', TO_DATE('1972-07-11', 'YYYY-MM-DD'));
INSERT INTO DIRECTOR (DirectorID, FullName, Birthday) VALUES (35, 'Loretta Grant', TO_DATE('1995-08-14', 'YYYY-MM-DD'));
INSERT INTO DIRECTOR (DirectorID, FullName, Birthday) VALUES (36, 'Katherine Henry', TO_DATE('1956-01-29', 'YYYY-MM-DD'));
INSERT INTO DIRECTOR (DirectorID, FullName, Birthday) VALUES (37, 'Travis Silva', TO_DATE('1953-12-06', 'YYYY-MM-DD'));
INSERT INTO DIRECTOR (DirectorID, FullName, Birthday) VALUES (38, 'Anita Graham', TO_DATE('1984-09-12', 'YYYY-MM-DD'));
INSERT INTO DIRECTOR (DirectorID, FullName, Birthday) VALUES (39, 'Allen Jordan', TO_DATE('1961-05-15', 'YYYY-MM-DD'));
INSERT INTO DIRECTOR (DirectorID, FullName, Birthday) VALUES (40, 'Sylvia Wade', TO_DATE('1977-12-21', 'YYYY-MM-DD'));
INSERT INTO DIRECTOR (DirectorID, FullName, Birthday) VALUES (41, 'Ellen Peters', TO_DATE('1993-10-27', 'YYYY-MM-DD'));
INSERT INTO DIRECTOR (DirectorID, FullName, Birthday) VALUES (42, 'Wesley Price', TO_DATE('1968-01-20', 'YYYY-MM-DD'));
INSERT INTO DIRECTOR (DirectorID, FullName, Birthday) VALUES (43, 'Felix Mason', TO_DATE('1999-11-02', 'YYYY-MM-DD'));
INSERT INTO DIRECTOR (DirectorID, FullName, Birthday) VALUES (44, 'Stephen May', TO_DATE('1959-01-02', 'YYYY-MM-DD'));
INSERT INTO DIRECTOR (DirectorID, FullName, Birthday) VALUES (45, 'Leslie Rodriquez', TO_DATE('1952-09-24', 'YYYY-MM-DD'));
INSERT INTO DIRECTOR (DirectorID, FullName, Birthday) VALUES (46, 'Jason Holland', TO_DATE('1985-03-25', 'YYYY-MM-DD'));
INSERT INTO DIRECTOR (DirectorID, FullName, Birthday) VALUES (47, 'Wallace Henderson', TO_DATE('1985-07-24', 'YYYY-MM-DD'));
INSERT INTO DIRECTOR (DirectorID, FullName, Birthday) VALUES (48, 'Gabriella Nelson', TO_DATE('1994-07-18', 'YYYY-MM-DD'));
INSERT INTO DIRECTOR (DirectorID, FullName, Birthday) VALUES (49, 'Juan Gordon', TO_DATE('1990-11-25', 'YYYY-MM-DD'));
INSERT INTO DIRECTOR (DirectorID, FullName, Birthday) VALUES (50, 'Danielle Russell', TO_DATE('1969-09-05', 'YYYY-MM-DD'));

INSERT INTO ACTOR (ActorID, FullName, Birthday) VALUES (1, 'Calvin Brewer', TO_DATE('1997-11-15', 'YYYY-MM-DD'));
INSERT INTO ACTOR (ActorID, FullName, Birthday) VALUES (2, 'Kylie Turner', TO_DATE('1974-04-07', 'YYYY-MM-DD'));
INSERT INTO ACTOR (ActorID, FullName, Birthday) VALUES (3, 'Tom Wilson', TO_DATE('1976-08-10', 'YYYY-MM-DD'));
INSERT INTO ACTOR (ActorID, FullName, Birthday) VALUES (4, 'Judith Walker', TO_DATE('1987-10-04', 'YYYY-MM-DD'));
INSERT INTO ACTOR (ActorID, FullName, Birthday) VALUES (5, 'June Burke', TO_DATE('1987-04-15', 'YYYY-MM-DD'));
INSERT INTO ACTOR (ActorID, FullName, Birthday) VALUES (6, 'Tamara Kelley', TO_DATE('1961-02-09', 'YYYY-MM-DD'));
INSERT INTO ACTOR (ActorID, FullName, Birthday) VALUES (7, 'Bella Arnold', TO_DATE('1965-05-30', 'YYYY-MM-DD'));
INSERT INTO ACTOR (ActorID, FullName, Birthday) VALUES (8, 'Perry Russell', TO_DATE('1984-12-02', 'YYYY-MM-DD'));
INSERT INTO ACTOR (ActorID, FullName, Birthday) VALUES (9, 'Dianne Howell', TO_DATE('1978-01-11', 'YYYY-MM-DD'));
INSERT INTO ACTOR (ActorID, FullName, Birthday) VALUES (10, 'Alfredo Harrison', TO_DATE('1990-08-27', 'YYYY-MM-DD'));
INSERT INTO ACTOR (ActorID, FullName, Birthday) VALUES (11, 'Jared Harper', TO_DATE('1991-05-01', 'YYYY-MM-DD'));
INSERT INTO ACTOR (ActorID, FullName, Birthday) VALUES (12, 'Marc Harper', TO_DATE('1952-03-08', 'YYYY-MM-DD'));
INSERT INTO ACTOR (ActorID, FullName, Birthday) VALUES (13, 'Austin King', TO_DATE('1985-10-01', 'YYYY-MM-DD'));
INSERT INTO ACTOR (ActorID, FullName, Birthday) VALUES (14, 'Brad Frazier', TO_DATE('1960-12-05', 'YYYY-MM-DD'));
INSERT INTO ACTOR (ActorID, FullName, Birthday) VALUES (15, 'Gertrude Wright', TO_DATE('1951-10-03', 'YYYY-MM-DD'));
INSERT INTO ACTOR (ActorID, FullName, Birthday) VALUES (16, 'Herbert Carlson', TO_DATE('1984-05-31', 'YYYY-MM-DD'));
INSERT INTO ACTOR (ActorID, FullName, Birthday) VALUES (17, 'Christian Burton', TO_DATE('1952-12-26', 'YYYY-MM-DD'));
INSERT INTO ACTOR (ActorID, FullName, Birthday) VALUES (18, 'Lucas Sims', TO_DATE('1971-02-12', 'YYYY-MM-DD'));
INSERT INTO ACTOR (ActorID, FullName, Birthday) VALUES (19, 'Stephen Jacobs', TO_DATE('1956-02-12', 'YYYY-MM-DD'));
INSERT INTO ACTOR (ActorID, FullName, Birthday) VALUES (20, 'Felecia Hale', TO_DATE('1977-05-15', 'YYYY-MM-DD'));
INSERT INTO ACTOR (ActorID, FullName, Birthday) VALUES (21, 'Marjorie Willis', TO_DATE('1990-03-23', 'YYYY-MM-DD'));
INSERT INTO ACTOR (ActorID, FullName, Birthday) VALUES (22, 'Gabriel Freeman', TO_DATE('1954-04-22', 'YYYY-MM-DD'));
INSERT INTO ACTOR (ActorID, FullName, Birthday) VALUES (23, 'Brent Washington', TO_DATE('1950-03-24', 'YYYY-MM-DD'));
INSERT INTO ACTOR (ActorID, FullName, Birthday) VALUES (24, 'Pamela Black', TO_DATE('1972-06-13', 'YYYY-MM-DD'));
INSERT INTO ACTOR (ActorID, FullName, Birthday) VALUES (25, 'Danny Warren', TO_DATE('1960-10-15', 'YYYY-MM-DD'));
INSERT INTO ACTOR (ActorID, FullName, Birthday) VALUES (26, 'Christopher Williamson', TO_DATE('1988-08-16', 'YYYY-MM-DD'));
INSERT INTO ACTOR (ActorID, FullName, Birthday) VALUES (27, 'Sherry King', TO_DATE('1952-02-12', 'YYYY-MM-DD'));
INSERT INTO ACTOR (ActorID, FullName, Birthday) VALUES (28, 'Alyssa Morris', TO_DATE('1963-11-01', 'YYYY-MM-DD'));
INSERT INTO ACTOR (ActorID, FullName, Birthday) VALUES (29, 'Javier Mitchelle', TO_DATE('1967-09-03', 'YYYY-MM-DD'));
INSERT INTO ACTOR (ActorID, FullName, Birthday) VALUES (30, 'Erik Lane', TO_DATE('1986-10-30', 'YYYY-MM-DD'));
INSERT INTO ACTOR (ActorID, FullName, Birthday) VALUES (31, 'Felecia Stevens', TO_DATE('1995-05-14', 'YYYY-MM-DD'));
INSERT INTO ACTOR (ActorID, FullName, Birthday) VALUES (32, 'Julia Baker', TO_DATE('1958-09-27', 'YYYY-MM-DD'));
INSERT INTO ACTOR (ActorID, FullName, Birthday) VALUES (33, 'Marion James', TO_DATE('1992-06-06', 'YYYY-MM-DD'));
INSERT INTO ACTOR (ActorID, FullName, Birthday) VALUES (34, 'Judith Walker', TO_DATE('1975-10-30', 'YYYY-MM-DD'));
INSERT INTO ACTOR (ActorID, FullName, Birthday) VALUES (35, 'Max Parker', TO_DATE('1961-03-10', 'YYYY-MM-DD'));
INSERT INTO ACTOR (ActorID, FullName, Birthday) VALUES (36, 'Bernard Robinson', TO_DATE('1974-07-24', 'YYYY-MM-DD'));
INSERT INTO ACTOR (ActorID, FullName, Birthday) VALUES (37, 'Tracy Baker', TO_DATE('1964-03-03', 'YYYY-MM-DD'));
INSERT INTO ACTOR (ActorID, FullName, Birthday) VALUES (38, 'Penny Snyder', TO_DATE('1993-01-01', 'YYYY-MM-DD'));
INSERT INTO ACTOR (ActorID, FullName, Birthday) VALUES (39, 'Felecia Stevens', TO_DATE('1962-08-28', 'YYYY-MM-DD'));
INSERT INTO ACTOR (ActorID, FullName, Birthday) VALUES (40, 'Judith Walker', TO_DATE('1966-02-04', 'YYYY-MM-DD'));
INSERT INTO ACTOR (ActorID, FullName, Birthday) VALUES (41, 'Judith Walker', TO_DATE('1966-04-03', 'YYYY-MM-DD'));
INSERT INTO ACTOR (ActorID, FullName, Birthday) VALUES (42, 'Marjorie Payne', TO_DATE('1958-08-28', 'YYYY-MM-DD'));
INSERT INTO ACTOR (ActorID, FullName, Birthday) VALUES (43, 'Elsie George', TO_DATE('1950-02-15', 'YYYY-MM-DD'));
INSERT INTO ACTOR (ActorID, FullName, Birthday) VALUES (44, 'Brennan Lawrence', TO_DATE('1960-07-10', 'YYYY-MM-DD'));
INSERT INTO ACTOR (ActorID, FullName, Birthday) VALUES (45, 'Julia Barnes', TO_DATE('1966-02-10', 'YYYY-MM-DD'));
INSERT INTO ACTOR (ActorID, FullName, Birthday) VALUES (46, 'Krin Carlson', TO_DATE('1951-12-15', 'YYYY-MM-DD'));
INSERT INTO ACTOR (ActorID, FullName, Birthday) VALUES (47, 'Cherly Armstrong', TO_DATE('1955-04-14', 'YYYY-MM-DD'));
INSERT INTO ACTOR (ActorID, FullName, Birthday) VALUES (48, 'Hazel Jones', TO_DATE('1961-10-15', 'YYYY-MM-DD'));
INSERT INTO ACTOR (ActorID, FullName, Birthday) VALUES (49, 'Shelly Beck', TO_DATE('1957-09-22', 'YYYY-MM-DD'));
INSERT INTO ACTOR (ActorID, FullName, Birthday) VALUES (50, 'Everett Carroll', TO_DATE('1981-03-22', 'YYYY-MM-DD'));
INSERT INTO ACTOR (ActorID, FullName, Birthday) VALUES (51, 'Jose Herrera', TO_DATE('1971-10-10', 'YYYY-MM-DD'));
INSERT INTO ACTOR (ActorID, FullName, Birthday) VALUES (52, 'Alexis Henderson', TO_DATE('1977-06-20', 'YYYY-MM-DD'));
INSERT INTO ACTOR (ActorID, FullName, Birthday) VALUES (53, 'Jeffery Turner', TO_DATE('1966-01-07', 'YYYY-MM-DD'));
INSERT INTO ACTOR (ActorID, FullName, Birthday) VALUES (54, 'Vera Adams', TO_DATE('1975-04-01', 'YYYY-MM-DD'));
INSERT INTO ACTOR (ActorID, FullName, Birthday) VALUES (55, 'Donald Miles', TO_DATE('1988-04-01', 'YYYY-MM-DD'));
INSERT INTO ACTOR (ActorID, FullName, Birthday) VALUES (56, 'Arianna Sanders', TO_DATE('1990-11-15', 'YYYY-MM-DD'));
INSERT INTO ACTOR (ActorID, FullName, Birthday) VALUES (57, 'Gene Carr', TO_DATE('1964-08-12', 'YYYY-MM-DD'));
INSERT INTO ACTOR (ActorID, FullName, Birthday) VALUES (58, 'Eddie Gray', TO_DATE('1967-05-16', 'YYYY-MM-DD'));
INSERT INTO ACTOR (ActorID, FullName, Birthday) VALUES (59, 'Mark Simpson', TO_DATE('1993-06-02', 'YYYY-MM-DD'));
INSERT INTO ACTOR (ActorID, FullName, Birthday) VALUES (60, 'Jane Byrd', TO_DATE('1972-04-04', 'YYYY-MM-DD'));
INSERT INTO ACTOR (ActorID, FullName, Birthday) VALUES (61, 'Gilbert Nelson', TO_DATE('1988-10-06', 'YYYY-MM-DD'));
INSERT INTO ACTOR (ActorID, FullName, Birthday) VALUES (62, 'Tonya Cox', TO_DATE('1978-04-17', 'YYYY-MM-DD'));
INSERT INTO ACTOR (ActorID, FullName, Birthday) VALUES (63, 'Cody Jordan', TO_DATE('1963-11-03', 'YYYY-MM-DD'));
INSERT INTO ACTOR (ActorID, FullName, Birthday) VALUES (64, 'Theresa Long', TO_DATE('1956-10-06', 'YYYY-MM-DD'));
INSERT INTO ACTOR (ActorID, FullName, Birthday) VALUES (65, 'Dean Terry', TO_DATE('1981-09-08', 'YYYY-MM-DD'));
INSERT INTO ACTOR (ActorID, FullName, Birthday) VALUES (66, 'Louis Brewer', TO_DATE('1975-07-16', 'YYYY-MM-DD'));
INSERT INTO ACTOR (ActorID, FullName, Birthday) VALUES (67, 'Enrique Mcdonalid', TO_DATE('1972-11-21', 'YYYY-MM-DD'));
INSERT INTO ACTOR (ActorID, FullName, Birthday) VALUES (68, 'Frederick Curtis', TO_DATE('1953-04-11', 'YYYY-MM-DD'));
INSERT INTO ACTOR (ActorID, FullName, Birthday) VALUES (69, 'Jane Harrison', TO_DATE('1997-08-13', 'YYYY-MM-DD'));
INSERT INTO ACTOR (ActorID, FullName, Birthday) VALUES (70, 'Ava Craig', TO_DATE('1961-08-27', 'YYYY-MM-DD'));
INSERT INTO ACTOR (ActorID, FullName, Birthday) VALUES (71, 'Linda Gonzalez', TO_DATE('1984-05-09', 'YYYY-MM-DD'));
INSERT INTO ACTOR (ActorID, FullName, Birthday) VALUES (72, 'Audrey Wood', TO_DATE('1976-04-04', 'YYYY-MM-DD'));
INSERT INTO ACTOR (ActorID, FullName, Birthday) VALUES (73, 'Rosa Myers', TO_DATE('1973-06-26', 'YYYY-MM-DD'));
INSERT INTO ACTOR (ActorID, FullName, Birthday) VALUES (74, 'Marsha Russell', TO_DATE('1988-06-16', 'YYYY-MM-DD'));
INSERT INTO ACTOR (ActorID, FullName, Birthday) VALUES (75, 'Sherry Crawford', TO_DATE('1971-06-30', 'YYYY-MM-DD'));
INSERT INTO ACTOR (ActorID, FullName, Birthday) VALUES (76, 'Ava Mitchelle', TO_DATE('1994-11-15', 'YYYY-MM-DD'));
INSERT INTO ACTOR (ActorID, FullName, Birthday) VALUES (77, 'Salvador Hart', TO_DATE('1982-09-01', 'YYYY-MM-DD'));
INSERT INTO ACTOR (ActorID, FullName, Birthday) VALUES (78, 'Joan Ramirez', TO_DATE('1969-10-03', 'YYYY-MM-DD'));
INSERT INTO ACTOR (ActorID, FullName, Birthday) VALUES (79, 'Ann Banks', TO_DATE('1962-12-23', 'YYYY-MM-DD'));
INSERT INTO ACTOR (ActorID, FullName, Birthday) VALUES (80, 'Debbie Williams', TO_DATE('1951-07-16', 'YYYY-MM-DD'));
INSERT INTO ACTOR (ActorID, FullName, Birthday) VALUES (81, 'Bobbie Harper', TO_DATE('1957-02-01', 'YYYY-MM-DD'));
INSERT INTO ACTOR (ActorID, FullName, Birthday) VALUES (82, 'Gilbert Nelson', TO_DATE('1962-07-20', 'YYYY-MM-DD'));
INSERT INTO ACTOR (ActorID, FullName, Birthday) VALUES (83, 'Catherine Elliott', TO_DATE('1995-09-15', 'YYYY-MM-DD'));
INSERT INTO ACTOR (ActorID, FullName, Birthday) VALUES (84, 'Nathan Cooper', TO_DATE('1956-01-03', 'YYYY-MM-DD'));
INSERT INTO ACTOR (ActorID, FullName, Birthday) VALUES (85, 'Andre Cole', TO_DATE('1963-02-10', 'YYYY-MM-DD'));
INSERT INTO ACTOR (ActorID, FullName, Birthday) VALUES (86, 'Jackson Kim', TO_DATE('1996-02-06', 'YYYY-MM-DD'));
INSERT INTO ACTOR (ActorID, FullName, Birthday) VALUES (87, 'Marshall Turner', TO_DATE('1955-08-04', 'YYYY-MM-DD'));
INSERT INTO ACTOR (ActorID, FullName, Birthday) VALUES (88, 'Sophia Graves', TO_DATE('1952-04-01', 'YYYY-MM-DD'));
INSERT INTO ACTOR (ActorID, FullName, Birthday) VALUES (89, 'Billie Sullivan', TO_DATE('1994-06-20', 'YYYY-MM-DD'));
INSERT INTO ACTOR (ActorID, FullName, Birthday) VALUES (90, 'Wesley Lee', TO_DATE('1995-03-25', 'YYYY-MM-DD'));
INSERT INTO ACTOR (ActorID, FullName, Birthday) VALUES (91, 'Darren Kim', TO_DATE('1953-05-07', 'YYYY-MM-DD'));
INSERT INTO ACTOR (ActorID, FullName, Birthday) VALUES (92, 'Lynn Hansen', TO_DATE('1960-06-10', 'YYYY-MM-DD'));
INSERT INTO ACTOR (ActorID, FullName, Birthday) VALUES (93, 'Ava Jacobs', TO_DATE('1964-01-26', 'YYYY-MM-DD'));
INSERT INTO ACTOR (ActorID, FullName, Birthday) VALUES (94, 'Bryan Bryant', TO_DATE('1987-02-13', 'YYYY-MM-DD'));
INSERT INTO ACTOR (ActorID, FullName, Birthday) VALUES (95, 'Austin Horton', TO_DATE('1973-01-20', 'YYYY-MM-DD'));
INSERT INTO ACTOR (ActorID, FullName, Birthday) VALUES (96, 'Tom Rodriquez', TO_DATE('1999-03-09', 'YYYY-MM-DD'));
INSERT INTO ACTOR (ActorID, FullName, Birthday) VALUES (97, 'Dean Richardson', TO_DATE('2000-01-17', 'YYYY-MM-DD'));
INSERT INTO ACTOR (ActorID, FullName, Birthday) VALUES (98, 'Ann Adams', TO_DATE('1957-02-09', 'YYYY-MM-DD'));
INSERT INTO ACTOR (ActorID, FullName, Birthday) VALUES (99, 'Mildred Williams', TO_DATE('1968-10-07', 'YYYY-MM-DD'));
INSERT INTO ACTOR (ActorID, FullName, Birthday) VALUES (100, 'Kelly Cooper', TO_DATE('1992-12-07', 'YYYY-MM-DD'));
INSERT INTO ACTOR (ActorID, FullName, Birthday) VALUES (101, 'Willard Perkins', TO_DATE('1971-06-11', 'YYYY-MM-DD'));
INSERT INTO ACTOR (ActorID, FullName, Birthday) VALUES (102, 'Victor Johnson', TO_DATE('1993-07-05', 'YYYY-MM-DD'));
INSERT INTO ACTOR (ActorID, FullName, Birthday) VALUES (103, 'Patsy Alvarez', TO_DATE('1998-02-15', 'YYYY-MM-DD'));
INSERT INTO ACTOR (ActorID, FullName, Birthday) VALUES (104, 'Holly Cox', TO_DATE('1972-08-13', 'YYYY-MM-DD'));
INSERT INTO ACTOR (ActorID, FullName, Birthday) VALUES (105, 'Edna Flores', TO_DATE('1979-01-29', 'YYYY-MM-DD'));
INSERT INTO ACTOR (ActorID, FullName, Birthday) VALUES (106, 'Harry Berry', TO_DATE('1991-01-20', 'YYYY-MM-DD'));
INSERT INTO ACTOR (ActorID, FullName, Birthday) VALUES (107, 'Kelly Ray', TO_DATE('1998-09-09', 'YYYY-MM-DD'));
INSERT INTO ACTOR (ActorID, FullName, Birthday) VALUES (108, 'Tony Garza', TO_DATE('1981-09-27', 'YYYY-MM-DD'));
INSERT INTO ACTOR (ActorID, FullName, Birthday) VALUES (109, 'Lance Day', TO_DATE('1990-06-24', 'YYYY-MM-DD'));
INSERT INTO ACTOR (ActorID, FullName, Birthday) VALUES (110, 'Aaron Willis', TO_DATE('1957-04-23', 'YYYY-MM-DD'));
INSERT INTO ACTOR (ActorID, FullName, Birthday) VALUES (111, 'Toni Edwards', TO_DATE('1989-01-12', 'YYYY-MM-DD'));
INSERT INTO ACTOR (ActorID, FullName, Birthday) VALUES (112, 'Jean Larson', TO_DATE('1951-03-27', 'YYYY-MM-DD'));
INSERT INTO ACTOR (ActorID, FullName, Birthday) VALUES (113, 'Derek Franklin', TO_DATE('1990-11-11', 'YYYY-MM-DD'));
INSERT INTO ACTOR (ActorID, FullName, Birthday) VALUES (114, 'Lance Ferguson', TO_DATE('1985-11-13', 'YYYY-MM-DD'));
INSERT INTO ACTOR (ActorID, FullName, Birthday) VALUES (115, 'Alexander Rose', TO_DATE('1996-11-17', 'YYYY-MM-DD'));
INSERT INTO ACTOR (ActorID, FullName, Birthday) VALUES (116, 'Amy Kelley', TO_DATE('1965-02-07', 'YYYY-MM-DD'));
INSERT INTO ACTOR (ActorID, FullName, Birthday) VALUES (117, 'David Ellis', TO_DATE('1995-03-31', 'YYYY-MM-DD'));
INSERT INTO ACTOR (ActorID, FullName, Birthday) VALUES (118, 'Edgar Larson', TO_DATE('1966-10-24', 'YYYY-MM-DD'));
INSERT INTO ACTOR (ActorID, FullName, Birthday) VALUES (119, 'Philip Jennings', TO_DATE('1981-03-03', 'YYYY-MM-DD'));
INSERT INTO ACTOR (ActorID, FullName, Birthday) VALUES (120, 'Claude Jacobs', TO_DATE('1972-12-22', 'YYYY-MM-DD'));
INSERT INTO ACTOR (ActorID, FullName, Birthday) VALUES (121, 'Kylie Brewer', TO_DATE('1960-02-08', 'YYYY-MM-DD'));
INSERT INTO ACTOR (ActorID, FullName, Birthday) VALUES (122, 'Joan Cook', TO_DATE('1993-09-08', 'YYYY-MM-DD'));
INSERT INTO ACTOR (ActorID, FullName, Birthday) VALUES (123, 'Esther Peterson', TO_DATE('1971-10-28', 'YYYY-MM-DD'));
INSERT INTO ACTOR (ActorID, FullName, Birthday) VALUES (124, 'Anne Fowler', TO_DATE('1964-05-09', 'YYYY-MM-DD'));
INSERT INTO ACTOR (ActorID, FullName, Birthday) VALUES (125, 'Victor Adams', TO_DATE('1996-04-03', 'YYYY-MM-DD'));
INSERT INTO ACTOR (ActorID, FullName, Birthday) VALUES (126, 'Hugh Fernandez', TO_DATE('1984-06-09', 'YYYY-MM-DD'));
INSERT INTO ACTOR (ActorID, FullName, Birthday) VALUES (127, 'Jason Elliott', TO_DATE('1981-12-05', 'YYYY-MM-DD'));
INSERT INTO ACTOR (ActorID, FullName, Birthday) VALUES (128, 'Leah Garcia', TO_DATE('1996-11-26', 'YYYY-MM-DD'));
INSERT INTO ACTOR (ActorID, FullName, Birthday) VALUES (129, 'Bradley Lee', TO_DATE('1987-03-11', 'YYYY-MM-DD'));
INSERT INTO ACTOR (ActorID, FullName, Birthday) VALUES (130, 'Felecia Moreno', TO_DATE('1970-04-24', 'YYYY-MM-DD'));
INSERT INTO ACTOR (ActorID, FullName, Birthday) VALUES (131, 'Bryan Kennedy', TO_DATE('1961-06-19', 'YYYY-MM-DD'));
INSERT INTO ACTOR (ActorID, FullName, Birthday) VALUES (132, 'Monica Nelson', TO_DATE('1976-01-03', 'YYYY-MM-DD'));
INSERT INTO ACTOR (ActorID, FullName, Birthday) VALUES (133, 'Vanessa Moreno', TO_DATE('1984-11-30', 'YYYY-MM-DD'));
INSERT INTO ACTOR (ActorID, FullName, Birthday) VALUES (134, 'Amanda Davis', TO_DATE('1989-09-07', 'YYYY-MM-DD'));
INSERT INTO ACTOR (ActorID, FullName, Birthday) VALUES (135, 'Juan Wood', TO_DATE('1973-06-11', 'YYYY-MM-DD'));
INSERT INTO ACTOR (ActorID, FullName, Birthday) VALUES (136, 'William Fowler', TO_DATE('1959-11-04', 'YYYY-MM-DD'));
INSERT INTO ACTOR (ActorID, FullName, Birthday) VALUES (137, 'Jar Grant', TO_DATE('1954-05-20', 'YYYY-MM-DD'));
INSERT INTO ACTOR (ActorID, FullName, Birthday) VALUES (138, 'Jesse Gray', TO_DATE('1988-01-23', 'YYYY-MM-DD'));
INSERT INTO ACTOR (ActorID, FullName, Birthday) VALUES (139, 'Adam Meyer', TO_DATE('1952-08-15', 'YYYY-MM-DD'));
INSERT INTO ACTOR (ActorID, FullName, Birthday) VALUES (140, 'Penny Morales', TO_DATE('1962-09-02', 'YYYY-MM-DD'));
INSERT INTO ACTOR (ActorID, FullName, Birthday) VALUES (141, 'Renee Hill', TO_DATE('1994-02-02', 'YYYY-MM-DD'));
INSERT INTO ACTOR (ActorID, FullName, Birthday) VALUES (142, 'Charlene Morgan', TO_DATE('1979-07-18', 'YYYY-MM-DD'));
INSERT INTO ACTOR (ActorID, FullName, Birthday) VALUES (143, 'Francis Nichols', TO_DATE('1963-09-23', 'YYYY-MM-DD'));
INSERT INTO ACTOR (ActorID, FullName, Birthday) VALUES (144, 'Liam Hicks', TO_DATE('2000-12-05', 'YYYY-MM-DD'));
INSERT INTO ACTOR (ActorID, FullName, Birthday) VALUES (145, 'Esther Hunter', TO_DATE('1972-06-24', 'YYYY-MM-DD'));
INSERT INTO ACTOR (ActorID, FullName, Birthday) VALUES (146, 'Steve Ryan', TO_DATE('1960-01-05', 'YYYY-MM-DD'));
INSERT INTO ACTOR (ActorID, FullName, Birthday) VALUES (147, 'Arron Frazier', TO_DATE('1987-12-20', 'YYYY-MM-DD'));
INSERT INTO ACTOR (ActorID, FullName, Birthday) VALUES (148, 'Tristan Walker', TO_DATE('1979-10-06', 'YYYY-MM-DD'));
INSERT INTO ACTOR (ActorID, FullName, Birthday) VALUES (149, 'Holly Bradley', TO_DATE('1963-10-10', 'YYYY-MM-DD'));
INSERT INTO ACTOR (ActorID, FullName, Birthday) VALUES (150, 'Serenity Fields', TO_DATE('1999-05-05', 'YYYY-MM-DD'));

INSERT INTO CUSTOMER (CustomerID, FullName, Email) VALUES (1, 'Ray Obrien', 'ray.obrien@example.com');
INSERT INTO CUSTOMER (CustomerID, FullName, Email) VALUES (2, 'Mitchell Frazier', 'mitchell.frazier@example.com');
INSERT INTO CUSTOMER (CustomerID, FullName, Email) VALUES (3, 'Lucy Stephens', 'lucy.stephens@example.com');
INSERT INTO CUSTOMER (CustomerID, FullName, Email) VALUES (4, 'Norman Powell', 'norman.powell@example.com');
INSERT INTO CUSTOMER (CustomerID, FullName, Email) VALUES (5, 'Vicki Graham', 'vicki.graham@example.com');
INSERT INTO CUSTOMER (CustomerID, FullName, Email) VALUES (6, 'Patrick Hunter', 'patrick.hunter@example.com');
INSERT INTO CUSTOMER (CustomerID, FullName, Email) VALUES (7, 'Caroline Garza', 'caroline.garza@example.com');
INSERT INTO CUSTOMER (CustomerID, FullName, Email) VALUES (8, 'Denise Cunningham', 'denise.cunningham@example.com');
INSERT INTO CUSTOMER (CustomerID, FullName, Email) VALUES (9, 'Carolyn Sims', 'carolyn.sims@example.com');
INSERT INTO CUSTOMER (CustomerID, FullName, Email) VALUES (10, 'Cody Mitchelle', 'cody.mitchelle@example.com');
INSERT INTO CUSTOMER (CustomerID, FullName, Email) VALUES (11, 'Sergio Garcia', 'sergio.garcia@example.com');
INSERT INTO CUSTOMER (CustomerID, FullName, Email) VALUES (12, 'Lucille Reyes', 'lucille.reyes@example.com');
INSERT INTO CUSTOMER (CustomerID, FullName, Email) VALUES (13, 'Alfredo Griffin', 'alfredo.griffin@example.com');
INSERT INTO CUSTOMER (CustomerID, FullName, Email) VALUES (14, 'Ashley Snyder', 'ashley.snyder@example.com');
INSERT INTO CUSTOMER (CustomerID, FullName, Email) VALUES (15, 'Pauline Terry', 'pauline.terry@example.com');
INSERT INTO CUSTOMER (CustomerID, FullName, Email) VALUES (16, 'Elmer Hawkins', 'elmer.hawkins@example.com');
INSERT INTO CUSTOMER (CustomerID, FullName, Email) VALUES (17, 'Marvin Kuhn', 'marvin.kuhn@example.com');
INSERT INTO CUSTOMER (CustomerID, FullName, Email) VALUES (18, 'Wanda Green', 'wanda.green@example.com');
INSERT INTO CUSTOMER (CustomerID, FullName, Email) VALUES (19, 'Taylor Simmons', 'taylor.simmons@example.com');
INSERT INTO CUSTOMER (CustomerID, FullName, Email) VALUES (20, 'Cameron Morales', 'cameron.morales@example.com');
INSERT INTO CUSTOMER (CustomerID, FullName, Email) VALUES (21, 'Pearl Weaver', 'pearl.weaver@example.com');
INSERT INTO CUSTOMER (CustomerID, FullName, Email) VALUES (22, 'Roy Henry', 'roy.henry@example.com');
INSERT INTO CUSTOMER (CustomerID, FullName, Email) VALUES (23, 'Mitchell Peck', 'mitchell.peck@example.com');
INSERT INTO CUSTOMER (CustomerID, FullName, Email) VALUES (24, 'Landon Day', 'landon.day@example.com');
INSERT INTO CUSTOMER (CustomerID, FullName, Email) VALUES (25, 'Jeanne Mills', 'jeanne.mills@example.com');
INSERT INTO CUSTOMER (CustomerID, FullName, Email) VALUES (26, 'Peggy Miller', 'peggy.miller@example.com');
INSERT INTO CUSTOMER (CustomerID, FullName, Email) VALUES (27, 'Bertha Curtis', 'bertha.curtis@example.com');
INSERT INTO CUSTOMER (CustomerID, FullName, Email) VALUES (28, 'Curtis Hamilton', 'curtis.hamilton@example.com');
INSERT INTO CUSTOMER (CustomerID, FullName, Email) VALUES (29, 'Cassandra Adams', 'cassandra.adams@example.com');
INSERT INTO CUSTOMER (CustomerID, FullName, Email) VALUES (30, 'Sheila Johnson', 'sheila.johnson@example.com');
INSERT INTO CUSTOMER (CustomerID, FullName, Email) VALUES (31, 'Bernard Thomas', 'bernard.thomas@example.com');
INSERT INTO CUSTOMER (CustomerID, FullName, Email) VALUES (32, 'Laurie Cole', 'laurie.cole@example.com');
INSERT INTO CUSTOMER (CustomerID, FullName, Email) VALUES (33, 'Deanna Lawson', 'deanna.lawson@example.com');
INSERT INTO CUSTOMER (CustomerID, FullName, Email) VALUES (34, 'Jorge Tucker', 'jorge.tucker@example.com');
INSERT INTO CUSTOMER (CustomerID, FullName, Email) VALUES (35, 'Earl Wilson', 'earl.wilson@example.com');
INSERT INTO CUSTOMER (CustomerID, FullName, Email) VALUES (36, 'Carrie Vasquez', 'carrie.vasquez@example.com');
INSERT INTO CUSTOMER (CustomerID, FullName, Email) VALUES (37, 'June Fields', 'june.fields@example.com');
INSERT INTO CUSTOMER (CustomerID, FullName, Email) VALUES (38, 'Salvador Coleman', 'salvador.coleman@example.com');
INSERT INTO CUSTOMER (CustomerID, FullName, Email) VALUES (39, 'Beatrice Wagner', 'beatrice.wagner@example.com');
INSERT INTO CUSTOMER (CustomerID, FullName, Email) VALUES (40, 'Elizabeth Reynolds', 'elizabeth.reynolds@example.com');
INSERT INTO CUSTOMER (CustomerID, FullName, Email) VALUES (41, 'Bobby Woods', 'bobby.woods@example.com');
INSERT INTO CUSTOMER (CustomerID, FullName, Email) VALUES (42, 'Connie Olson', 'connie.olson@example.com');
INSERT INTO CUSTOMER (CustomerID, FullName, Email) VALUES (43, 'Luke Ward', 'luke.ward@example.com');
INSERT INTO CUSTOMER (CustomerID, FullName, Email) VALUES (44, 'Rosa Perez', 'rosa.perez@example.com');
INSERT INTO CUSTOMER (CustomerID, FullName, Email) VALUES (45, 'Naomi Bennett', 'naomi.bennett@example.com');
INSERT INTO CUSTOMER (CustomerID, FullName, Email) VALUES (46, 'Tracy Fox', 'tracy.fox@example.com');
INSERT INTO CUSTOMER (CustomerID, FullName, Email) VALUES (47, 'Jason Ruiz', 'jason.ruiz@example.com');
INSERT INTO CUSTOMER (CustomerID, FullName, Email) VALUES (48, 'Terry West', 'terry.west@example.com');
INSERT INTO CUSTOMER (CustomerID, FullName, Email) VALUES (49, 'Tina Fernandez', 'tina.fernandez@example.com');
INSERT INTO CUSTOMER (CustomerID, FullName, Email) VALUES (50, 'Brianna Soto', 'brianna.soto@example.com');
INSERT INTO CUSTOMER (CustomerID, FullName, Email) VALUES (51, 'Jo Graham', 'jo.graham@example.com');
INSERT INTO CUSTOMER (CustomerID, FullName, Email) VALUES (52, 'Glen Rodriguez', 'glen.rodriguez@example.com');
INSERT INTO CUSTOMER (CustomerID, FullName, Email) VALUES (53, 'Cherly Kelley', 'cherly.kelley@example.com');
INSERT INTO CUSTOMER (CustomerID, FullName, Email) VALUES (54, 'Anne Gutierrez', 'anne.gutierrez@example.com');
INSERT INTO CUSTOMER (CustomerID, FullName, Email) VALUES (55, 'Vanessa Brooks', 'vanessa.brooks@example.com');
INSERT INTO CUSTOMER (CustomerID, FullName, Email) VALUES (56, 'Nathaniel James', 'nathaniel.james@example.com');
INSERT INTO CUSTOMER (CustomerID, FullName, Email) VALUES (57, 'Mattie Reynolds', 'mattie.reynolds@example.com');
INSERT INTO CUSTOMER (CustomerID, FullName, Email) VALUES (58, 'Alberto Daniels', 'alberto.daniels@example.com');
INSERT INTO CUSTOMER (CustomerID, FullName, Email) VALUES (59, 'Irma Cunningham', 'irma.cunningham@example.com');
INSERT INTO CUSTOMER (CustomerID, FullName, Email) VALUES (60, 'Terra Harrison', 'terra.harrison@example.com');
INSERT INTO CUSTOMER (CustomerID, FullName, Email) VALUES (61, 'Elizabeth Fernandez', 'elizabeth.fernandez@example.com');
INSERT INTO CUSTOMER (CustomerID, FullName, Email) VALUES (62, 'Leslie Oliver', 'leslie.oliver@example.com');
INSERT INTO CUSTOMER (CustomerID, FullName, Email) VALUES (63, 'Veronica Curtis', 'veronica.curtis@example.com');
INSERT INTO CUSTOMER (CustomerID, FullName, Email) VALUES (64, 'Sally Lowe', 'sally.lowe@example.com');
INSERT INTO CUSTOMER (CustomerID, FullName, Email) VALUES (65, 'Willie Garcia', 'willie.garcia@example.com');
INSERT INTO CUSTOMER (CustomerID, FullName, Email) VALUES (66, 'Rafael Mccoy', 'rafael.mccoy@example.com');
INSERT INTO CUSTOMER (CustomerID, FullName, Email) VALUES (67, 'Lewis Newman', 'lewis.newman@example.com');
INSERT INTO CUSTOMER (CustomerID, FullName, Email) VALUES (68, 'Seth Rice', 'seth.rice@example.com');
INSERT INTO CUSTOMER (CustomerID, FullName, Email) VALUES (69, 'Esther Harvey', 'esther.harvey@example.com');
INSERT INTO CUSTOMER (CustomerID, FullName, Email) VALUES (70, 'Allan Hayes', 'allan.hayes@example.com');
INSERT INTO CUSTOMER (CustomerID, FullName, Email) VALUES (71, 'Nelson Howard', 'nelson.howard@example.com');
INSERT INTO CUSTOMER (CustomerID, FullName, Email) VALUES (72, 'Jesse Howell', 'jesse.howell@example.com');
INSERT INTO CUSTOMER (CustomerID, FullName, Email) VALUES (73, 'Steven King', 'steven.king@example.com');
INSERT INTO CUSTOMER (CustomerID, FullName, Email) VALUES (74, 'Heidi Ellis', 'heidi.ellis@example.com');
INSERT INTO CUSTOMER (CustomerID, FullName, Email) VALUES (75, 'Franklin Lewis', 'franklin.lewis@example.com');
INSERT INTO CUSTOMER (CustomerID, FullName, Email) VALUES (76, 'Ethan Armstrong', 'ethan.armstrong@example.com');
INSERT INTO CUSTOMER (CustomerID, FullName, Email) VALUES (77, 'Gene Simpson', 'gene.simpson@example.com');
INSERT INTO CUSTOMER (CustomerID, FullName, Email) VALUES (78, 'Valerie Howard', 'valerie.howard@example.com');
INSERT INTO CUSTOMER (CustomerID, FullName, Email) VALUES (79, 'Lucy Cunningham', 'lucy.cunningham@example.com');
INSERT INTO CUSTOMER (CustomerID, FullName, Email) VALUES (80, 'Deann Matthews', 'deann.matthews@example.com');
INSERT INTO CUSTOMER (CustomerID, FullName, Email) VALUES (81, 'Debra Baker', 'debra.baker@example.com');
INSERT INTO CUSTOMER (CustomerID, FullName, Email) VALUES (82, 'Eugene Mckinney', 'eugene.mckinney@example.com');
INSERT INTO CUSTOMER (CustomerID, FullName, Email) VALUES (83, 'Veronica Douglas', 'veronica.douglas@example.com');
INSERT INTO CUSTOMER (CustomerID, FullName, Email) VALUES (84, 'Eugene Mccoy', 'eugene.mccoy@example.com');
INSERT INTO CUSTOMER (CustomerID, FullName, Email) VALUES (85, 'Reginald Brown', 'reginald.brown@example.com');
INSERT INTO CUSTOMER (CustomerID, FullName, Email) VALUES (86, 'Jerry Bennett', 'jerry.bennett@example.com');
INSERT INTO CUSTOMER (CustomerID, FullName, Email) VALUES (87, 'Gilbert Lawrence', 'gilbert.lawrence@example.com');
INSERT INTO CUSTOMER (CustomerID, FullName, Email) VALUES (88, 'Carole Watson', 'carole.watson@example.com');
INSERT INTO CUSTOMER (CustomerID, FullName, Email) VALUES (89, 'Johnny Bell', 'johnny.bell@example.com');
INSERT INTO CUSTOMER (CustomerID, FullName, Email) VALUES (90, 'Carlos Romero', 'carlos.romero@example.com');
INSERT INTO CUSTOMER (CustomerID, FullName, Email) VALUES (91, 'Phyllis Ross', 'phyllis.ross@example.com');
INSERT INTO CUSTOMER (CustomerID, FullName, Email) VALUES (92, 'Cindy May', 'cindy.may@example.com');
INSERT INTO CUSTOMER (CustomerID, FullName, Email) VALUES (93, 'Ashley Garza', 'ashley.garza@example.com');
INSERT INTO CUSTOMER (CustomerID, FullName, Email) VALUES (94, 'Louella Barrett', 'louella.barrett@example.com');
INSERT INTO CUSTOMER (CustomerID, FullName, Email) VALUES (95, 'Marlene Bradley', 'marlene.bradley@example.com');
INSERT INTO CUSTOMER (CustomerID, FullName, Email) VALUES (96, 'Paula Spencer', 'paula.spencer@example.com');
INSERT INTO CUSTOMER (CustomerID, FullName, Email) VALUES (97, 'Alma Pearson', 'alma.pearson@example.com');
INSERT INTO CUSTOMER (CustomerID, FullName, Email) VALUES (98, 'Ian Williamson', 'ian.williamson@example.com');
INSERT INTO CUSTOMER (CustomerID, FullName, Email) VALUES (99, 'Priscilla Welch', 'priscilla.welch@example.com');
INSERT INTO CUSTOMER (CustomerID, FullName, Email) VALUES (100, 'Calvin Miles', 'calvin.miles@example.com');

INSERT INTO PURCHASE (PurchaseID, PurchaseDate, CustomerID) VALUES (1, TO_DATE('2018-12-13', 'YYYY-MM-DD'), 74);
INSERT INTO PURCHASE (PurchaseID, PurchaseDate, CustomerID) VALUES (2, TO_DATE('2019-01-13', 'YYYY-MM-DD'), 42);
INSERT INTO PURCHASE (PurchaseID, PurchaseDate, CustomerID) VALUES (3, TO_DATE('2016-08-30', 'YYYY-MM-DD'), 30);
INSERT INTO PURCHASE (PurchaseID, PurchaseDate, CustomerID) VALUES (4, TO_DATE('2021-11-06', 'YYYY-MM-DD'), 61);
INSERT INTO PURCHASE (PurchaseID, PurchaseDate, CustomerID) VALUES (5, TO_DATE('2020-07-27', 'YYYY-MM-DD'), 18);
INSERT INTO PURCHASE (PurchaseID, PurchaseDate, CustomerID) VALUES (6, TO_DATE('2010-07-06', 'YYYY-MM-DD'), 59);
INSERT INTO PURCHASE (PurchaseID, PurchaseDate, CustomerID) VALUES (7, TO_DATE('2018-08-11', 'YYYY-MM-DD'), 96);
INSERT INTO PURCHASE (PurchaseID, PurchaseDate, CustomerID) VALUES (8, TO_DATE('2015-08-24', 'YYYY-MM-DD'), 54);
INSERT INTO PURCHASE (PurchaseID, PurchaseDate, CustomerID) VALUES (9, TO_DATE('2018-11-18', 'YYYY-MM-DD'), 51);
INSERT INTO PURCHASE (PurchaseID, PurchaseDate, CustomerID) VALUES (10, TO_DATE('2021-03-29', 'YYYY-MM-DD'), 35);
INSERT INTO PURCHASE (PurchaseID, PurchaseDate, CustomerID) VALUES (11, TO_DATE('2017-06-08', 'YYYY-MM-DD'), 96);
INSERT INTO PURCHASE (PurchaseID, PurchaseDate, CustomerID) VALUES (12, TO_DATE('2014-03-16', 'YYYY-MM-DD'), 23);
INSERT INTO PURCHASE (PurchaseID, PurchaseDate, CustomerID) VALUES (13, TO_DATE('2022-10-29', 'YYYY-MM-DD'), 88);
INSERT INTO PURCHASE (PurchaseID, PurchaseDate, CustomerID) VALUES (14, TO_DATE('2014-11-15', 'YYYY-MM-DD'), 13);
INSERT INTO PURCHASE (PurchaseID, PurchaseDate, CustomerID) VALUES (15, TO_DATE('2011-05-31', 'YYYY-MM-DD'), 73);
INSERT INTO PURCHASE (PurchaseID, PurchaseDate, CustomerID) VALUES (16, TO_DATE('2017-10-15', 'YYYY-MM-DD'), 22);
INSERT INTO PURCHASE (PurchaseID, PurchaseDate, CustomerID) VALUES (17, TO_DATE('2017-09-04', 'YYYY-MM-DD'), 46);
INSERT INTO PURCHASE (PurchaseID, PurchaseDate, CustomerID) VALUES (18, TO_DATE('2018-07-16', 'YYYY-MM-DD'), 25);
INSERT INTO PURCHASE (PurchaseID, PurchaseDate, CustomerID) VALUES (19, TO_DATE('2021-03-21', 'YYYY-MM-DD'), 35);
INSERT INTO PURCHASE (PurchaseID, PurchaseDate, CustomerID) VALUES (20, TO_DATE('2017-09-07', 'YYYY-MM-DD'), 85);
INSERT INTO PURCHASE (PurchaseID, PurchaseDate, CustomerID) VALUES (21, TO_DATE('2019-03-12', 'YYYY-MM-DD'), 39);
INSERT INTO PURCHASE (PurchaseID, PurchaseDate, CustomerID) VALUES (22, TO_DATE('2015-11-11', 'YYYY-MM-DD'), 87);
INSERT INTO PURCHASE (PurchaseID, PurchaseDate, CustomerID) VALUES (23, TO_DATE('2014-12-28', 'YYYY-MM-DD'), 48);
INSERT INTO PURCHASE (PurchaseID, PurchaseDate, CustomerID) VALUES (24, TO_DATE('2016-01-22', 'YYYY-MM-DD'), 24);
INSERT INTO PURCHASE (PurchaseID, PurchaseDate, CustomerID) VALUES (25, TO_DATE('2021-12-09', 'YYYY-MM-DD'), 21);
INSERT INTO PURCHASE (PurchaseID, PurchaseDate, CustomerID) VALUES (26, TO_DATE('2015-08-12', 'YYYY-MM-DD'), 87);
INSERT INTO PURCHASE (PurchaseID, PurchaseDate, CustomerID) VALUES (27, TO_DATE('2013-09-03', 'YYYY-MM-DD'), 66);
INSERT INTO PURCHASE (PurchaseID, PurchaseDate, CustomerID) VALUES (28, TO_DATE('2019-01-08', 'YYYY-MM-DD'), 38);
INSERT INTO PURCHASE (PurchaseID, PurchaseDate, CustomerID) VALUES (29, TO_DATE('2020-02-12', 'YYYY-MM-DD'), 25);
INSERT INTO PURCHASE (PurchaseID, PurchaseDate, CustomerID) VALUES (30, TO_DATE('2010-09-04', 'YYYY-MM-DD'), 33);
INSERT INTO PURCHASE (PurchaseID, PurchaseDate, CustomerID) VALUES (31, TO_DATE('2011-12-07', 'YYYY-MM-DD'), 31);
INSERT INTO PURCHASE (PurchaseID, PurchaseDate, CustomerID) VALUES (32, TO_DATE('2021-02-15', 'YYYY-MM-DD'), 76);
INSERT INTO PURCHASE (PurchaseID, PurchaseDate, CustomerID) VALUES (33, TO_DATE('2018-12-13', 'YYYY-MM-DD'), 81);
INSERT INTO PURCHASE (PurchaseID, PurchaseDate, CustomerID) VALUES (34, TO_DATE('2022-12-28', 'YYYY-MM-DD'), 71);
INSERT INTO PURCHASE (PurchaseID, PurchaseDate, CustomerID) VALUES (35, TO_DATE('2012-07-21', 'YYYY-MM-DD'), 72);
INSERT INTO PURCHASE (PurchaseID, PurchaseDate, CustomerID) VALUES (36, TO_DATE('2018-02-28', 'YYYY-MM-DD'), 34);
INSERT INTO PURCHASE (PurchaseID, PurchaseDate, CustomerID) VALUES (37, TO_DATE('2014-07-26', 'YYYY-MM-DD'), 40);
INSERT INTO PURCHASE (PurchaseID, PurchaseDate, CustomerID) VALUES (38, TO_DATE('2018-06-19', 'YYYY-MM-DD'), 69);
INSERT INTO PURCHASE (PurchaseID, PurchaseDate, CustomerID) VALUES (39, TO_DATE('2019-07-07', 'YYYY-MM-DD'), 78);
INSERT INTO PURCHASE (PurchaseID, PurchaseDate, CustomerID) VALUES (40, TO_DATE('2021-11-08', 'YYYY-MM-DD'), 62);
INSERT INTO PURCHASE (PurchaseID, PurchaseDate, CustomerID) VALUES (41, TO_DATE('2012-10-06', 'YYYY-MM-DD'), 63);
INSERT INTO PURCHASE (PurchaseID, PurchaseDate, CustomerID) VALUES (42, TO_DATE('2017-04-16', 'YYYY-MM-DD'), 34);
INSERT INTO PURCHASE (PurchaseID, PurchaseDate, CustomerID) VALUES (43, TO_DATE('2010-05-08', 'YYYY-MM-DD'), 72);
INSERT INTO PURCHASE (PurchaseID, PurchaseDate, CustomerID) VALUES (44, TO_DATE('2022-06-21', 'YYYY-MM-DD'), 30);
INSERT INTO PURCHASE (PurchaseID, PurchaseDate, CustomerID) VALUES (45, TO_DATE('2021-03-14', 'YYYY-MM-DD'), 7);
INSERT INTO PURCHASE (PurchaseID, PurchaseDate, CustomerID) VALUES (46, TO_DATE('2015-10-22', 'YYYY-MM-DD'), 25);
INSERT INTO PURCHASE (PurchaseID, PurchaseDate, CustomerID) VALUES (47, TO_DATE('2018-10-15', 'YYYY-MM-DD'), 6);
INSERT INTO PURCHASE (PurchaseID, PurchaseDate, CustomerID) VALUES (48, TO_DATE('2013-03-02', 'YYYY-MM-DD'), 96);
INSERT INTO PURCHASE (PurchaseID, PurchaseDate, CustomerID) VALUES (49, TO_DATE('2016-03-19', 'YYYY-MM-DD'), 75);
INSERT INTO PURCHASE (PurchaseID, PurchaseDate, CustomerID) VALUES (50, TO_DATE('2010-09-15', 'YYYY-MM-DD'), 31);
INSERT INTO PURCHASE (PurchaseID, PurchaseDate, CustomerID) VALUES (51, TO_DATE('2012-06-27', 'YYYY-MM-DD'), 29);
INSERT INTO PURCHASE (PurchaseID, PurchaseDate, CustomerID) VALUES (52, TO_DATE('2020-05-23', 'YYYY-MM-DD'), 77);
INSERT INTO PURCHASE (PurchaseID, PurchaseDate, CustomerID) VALUES (53, TO_DATE('2015-07-08', 'YYYY-MM-DD'), 26);
INSERT INTO PURCHASE (PurchaseID, PurchaseDate, CustomerID) VALUES (54, TO_DATE('2010-09-24', 'YYYY-MM-DD'), 63);
INSERT INTO PURCHASE (PurchaseID, PurchaseDate, CustomerID) VALUES (55, TO_DATE('2021-11-01', 'YYYY-MM-DD'), 83);
INSERT INTO PURCHASE (PurchaseID, PurchaseDate, CustomerID) VALUES (56, TO_DATE('2019-11-30', 'YYYY-MM-DD'), 26);
INSERT INTO PURCHASE (PurchaseID, PurchaseDate, CustomerID) VALUES (57, TO_DATE('2014-03-24', 'YYYY-MM-DD'), 3);
INSERT INTO PURCHASE (PurchaseID, PurchaseDate, CustomerID) VALUES (58, TO_DATE('2010-01-21', 'YYYY-MM-DD'), 46);
INSERT INTO PURCHASE (PurchaseID, PurchaseDate, CustomerID) VALUES (59, TO_DATE('2021-01-21', 'YYYY-MM-DD'), 77);
INSERT INTO PURCHASE (PurchaseID, PurchaseDate, CustomerID) VALUES (60, TO_DATE('2020-01-03', 'YYYY-MM-DD'), 56);
INSERT INTO PURCHASE (PurchaseID, PurchaseDate, CustomerID) VALUES (61, TO_DATE('2021-07-10', 'YYYY-MM-DD'), 94);
INSERT INTO PURCHASE (PurchaseID, PurchaseDate, CustomerID) VALUES (62, TO_DATE('2022-12-26', 'YYYY-MM-DD'), 49);
INSERT INTO PURCHASE (PurchaseID, PurchaseDate, CustomerID) VALUES (63, TO_DATE('2012-07-22', 'YYYY-MM-DD'), 91);
INSERT INTO PURCHASE (PurchaseID, PurchaseDate, CustomerID) VALUES (64, TO_DATE('2021-12-20', 'YYYY-MM-DD'), 38);
INSERT INTO PURCHASE (PurchaseID, PurchaseDate, CustomerID) VALUES (65, TO_DATE('2020-09-24', 'YYYY-MM-DD'), 86);
INSERT INTO PURCHASE (PurchaseID, PurchaseDate, CustomerID) VALUES (66, TO_DATE('2018-01-17', 'YYYY-MM-DD'), 68);
INSERT INTO PURCHASE (PurchaseID, PurchaseDate, CustomerID) VALUES (67, TO_DATE('2011-09-25', 'YYYY-MM-DD'), 15);
INSERT INTO PURCHASE (PurchaseID, PurchaseDate, CustomerID) VALUES (68, TO_DATE('2016-05-23', 'YYYY-MM-DD'), 98);
INSERT INTO PURCHASE (PurchaseID, PurchaseDate, CustomerID) VALUES (69, TO_DATE('2018-07-19', 'YYYY-MM-DD'), 72);
INSERT INTO PURCHASE (PurchaseID, PurchaseDate, CustomerID) VALUES (70, TO_DATE('2017-09-08', 'YYYY-MM-DD'), 20);
INSERT INTO PURCHASE (PurchaseID, PurchaseDate, CustomerID) VALUES (71, TO_DATE('2010-12-21', 'YYYY-MM-DD'), 14);
INSERT INTO PURCHASE (PurchaseID, PurchaseDate, CustomerID) VALUES (72, TO_DATE('2010-10-25', 'YYYY-MM-DD'), 6);
INSERT INTO PURCHASE (PurchaseID, PurchaseDate, CustomerID) VALUES (73, TO_DATE('2010-06-09', 'YYYY-MM-DD'), 79);
INSERT INTO PURCHASE (PurchaseID, PurchaseDate, CustomerID) VALUES (74, TO_DATE('2012-07-17', 'YYYY-MM-DD'), 26);
INSERT INTO PURCHASE (PurchaseID, PurchaseDate, CustomerID) VALUES (75, TO_DATE('2018-10-18', 'YYYY-MM-DD'), 34);
INSERT INTO PURCHASE (PurchaseID, PurchaseDate, CustomerID) VALUES (76, TO_DATE('2015-01-06', 'YYYY-MM-DD'), 23);
INSERT INTO PURCHASE (PurchaseID, PurchaseDate, CustomerID) VALUES (77, TO_DATE('2014-11-06', 'YYYY-MM-DD'), 35);
INSERT INTO PURCHASE (PurchaseID, PurchaseDate, CustomerID) VALUES (78, TO_DATE('2015-02-11', 'YYYY-MM-DD'), 2);
INSERT INTO PURCHASE (PurchaseID, PurchaseDate, CustomerID) VALUES (79, TO_DATE('2012-10-27', 'YYYY-MM-DD'), 93);
INSERT INTO PURCHASE (PurchaseID, PurchaseDate, CustomerID) VALUES (80, TO_DATE('2020-11-11', 'YYYY-MM-DD'), 16);
INSERT INTO PURCHASE (PurchaseID, PurchaseDate, CustomerID) VALUES (81, TO_DATE('2019-04-25', 'YYYY-MM-DD'), 23);
INSERT INTO PURCHASE (PurchaseID, PurchaseDate, CustomerID) VALUES (82, TO_DATE('2017-10-16', 'YYYY-MM-DD'), 76);
INSERT INTO PURCHASE (PurchaseID, PurchaseDate, CustomerID) VALUES (83, TO_DATE('2014-02-18', 'YYYY-MM-DD'), 84);
INSERT INTO PURCHASE (PurchaseID, PurchaseDate, CustomerID) VALUES (84, TO_DATE('2011-02-02', 'YYYY-MM-DD'), 51);
INSERT INTO PURCHASE (PurchaseID, PurchaseDate, CustomerID) VALUES (85, TO_DATE('2016-08-21', 'YYYY-MM-DD'), 15);
INSERT INTO PURCHASE (PurchaseID, PurchaseDate, CustomerID) VALUES (86, TO_DATE('2012-05-19', 'YYYY-MM-DD'), 2);
INSERT INTO PURCHASE (PurchaseID, PurchaseDate, CustomerID) VALUES (87, TO_DATE('2022-06-18', 'YYYY-MM-DD'), 34);
INSERT INTO PURCHASE (PurchaseID, PurchaseDate, CustomerID) VALUES (88, TO_DATE('2019-04-26', 'YYYY-MM-DD'), 49);
INSERT INTO PURCHASE (PurchaseID, PurchaseDate, CustomerID) VALUES (89, TO_DATE('2012-12-21', 'YYYY-MM-DD'), 95);
INSERT INTO PURCHASE (PurchaseID, PurchaseDate, CustomerID) VALUES (90, TO_DATE('2022-03-19', 'YYYY-MM-DD'), 83);
INSERT INTO PURCHASE (PurchaseID, PurchaseDate, CustomerID) VALUES (91, TO_DATE('2012-08-26', 'YYYY-MM-DD'), 46);
INSERT INTO PURCHASE (PurchaseID, PurchaseDate, CustomerID) VALUES (92, TO_DATE('2021-08-08', 'YYYY-MM-DD'), 34);
INSERT INTO PURCHASE (PurchaseID, PurchaseDate, CustomerID) VALUES (93, TO_DATE('2017-03-18', 'YYYY-MM-DD'), 98);
INSERT INTO PURCHASE (PurchaseID, PurchaseDate, CustomerID) VALUES (94, TO_DATE('2011-09-27', 'YYYY-MM-DD'), 34);
INSERT INTO PURCHASE (PurchaseID, PurchaseDate, CustomerID) VALUES (95, TO_DATE('2014-05-20', 'YYYY-MM-DD'), 58);
INSERT INTO PURCHASE (PurchaseID, PurchaseDate, CustomerID) VALUES (96, TO_DATE('2019-05-31', 'YYYY-MM-DD'), 19);
INSERT INTO PURCHASE (PurchaseID, PurchaseDate, CustomerID) VALUES (97, TO_DATE('2021-03-25', 'YYYY-MM-DD'), 84);
INSERT INTO PURCHASE (PurchaseID, PurchaseDate, CustomerID) VALUES (98, TO_DATE('2012-10-23', 'YYYY-MM-DD'), 22);
INSERT INTO PURCHASE (PurchaseID, PurchaseDate, CustomerID) VALUES (99, TO_DATE('2013-03-20', 'YYYY-MM-DD'), 89);
INSERT INTO PURCHASE (PurchaseID, PurchaseDate, CustomerID) VALUES (100, TO_DATE('2022-09-08', 'YYYY-MM-DD'), 94);
INSERT INTO PURCHASE (PurchaseID, PurchaseDate, CustomerID) VALUES (101, TO_DATE('2011-02-22', 'YYYY-MM-DD'), 17);
INSERT INTO PURCHASE (PurchaseID, PurchaseDate, CustomerID) VALUES (102, TO_DATE('2011-01-13', 'YYYY-MM-DD'), 37);
INSERT INTO PURCHASE (PurchaseID, PurchaseDate, CustomerID) VALUES (103, TO_DATE('2019-03-16', 'YYYY-MM-DD'), 46);
INSERT INTO PURCHASE (PurchaseID, PurchaseDate, CustomerID) VALUES (104, TO_DATE('2016-07-19', 'YYYY-MM-DD'), 80);
INSERT INTO PURCHASE (PurchaseID, PurchaseDate, CustomerID) VALUES (105, TO_DATE('2017-04-04', 'YYYY-MM-DD'), 83);
INSERT INTO PURCHASE (PurchaseID, PurchaseDate, CustomerID) VALUES (106, TO_DATE('2015-06-21', 'YYYY-MM-DD'), 64);
INSERT INTO PURCHASE (PurchaseID, PurchaseDate, CustomerID) VALUES (107, TO_DATE('2015-12-13', 'YYYY-MM-DD'), 54);
INSERT INTO PURCHASE (PurchaseID, PurchaseDate, CustomerID) VALUES (108, TO_DATE('2016-06-16', 'YYYY-MM-DD'), 1);
INSERT INTO PURCHASE (PurchaseID, PurchaseDate, CustomerID) VALUES (109, TO_DATE('2017-11-23', 'YYYY-MM-DD'), 62);
INSERT INTO PURCHASE (PurchaseID, PurchaseDate, CustomerID) VALUES (110, TO_DATE('2020-12-22', 'YYYY-MM-DD'), 46);
INSERT INTO PURCHASE (PurchaseID, PurchaseDate, CustomerID) VALUES (111, TO_DATE('2020-05-06', 'YYYY-MM-DD'), 20);
INSERT INTO PURCHASE (PurchaseID, PurchaseDate, CustomerID) VALUES (112, TO_DATE('2022-01-29', 'YYYY-MM-DD'), 83);
INSERT INTO PURCHASE (PurchaseID, PurchaseDate, CustomerID) VALUES (113, TO_DATE('2015-06-12', 'YYYY-MM-DD'), 63);
INSERT INTO PURCHASE (PurchaseID, PurchaseDate, CustomerID) VALUES (114, TO_DATE('2020-09-06', 'YYYY-MM-DD'), 89);
INSERT INTO PURCHASE (PurchaseID, PurchaseDate, CustomerID) VALUES (115, TO_DATE('2015-07-16', 'YYYY-MM-DD'), 69);
INSERT INTO PURCHASE (PurchaseID, PurchaseDate, CustomerID) VALUES (116, TO_DATE('2011-11-30', 'YYYY-MM-DD'), 33);
INSERT INTO PURCHASE (PurchaseID, PurchaseDate, CustomerID) VALUES (117, TO_DATE('2012-08-24', 'YYYY-MM-DD'), 40);
INSERT INTO PURCHASE (PurchaseID, PurchaseDate, CustomerID) VALUES (118, TO_DATE('2017-07-17', 'YYYY-MM-DD'), 24);
INSERT INTO PURCHASE (PurchaseID, PurchaseDate, CustomerID) VALUES (119, TO_DATE('2021-02-26', 'YYYY-MM-DD'), 34);
INSERT INTO PURCHASE (PurchaseID, PurchaseDate, CustomerID) VALUES (120, TO_DATE('2020-06-28', 'YYYY-MM-DD'), 29);
INSERT INTO PURCHASE (PurchaseID, PurchaseDate, CustomerID) VALUES (121, TO_DATE('2014-10-20', 'YYYY-MM-DD'), 45);
INSERT INTO PURCHASE (PurchaseID, PurchaseDate, CustomerID) VALUES (122, TO_DATE('2014-07-14', 'YYYY-MM-DD'), 41);
INSERT INTO PURCHASE (PurchaseID, PurchaseDate, CustomerID) VALUES (123, TO_DATE('2011-08-17', 'YYYY-MM-DD'), 94);
INSERT INTO PURCHASE (PurchaseID, PurchaseDate, CustomerID) VALUES (124, TO_DATE('2012-05-06', 'YYYY-MM-DD'), 67);
INSERT INTO PURCHASE (PurchaseID, PurchaseDate, CustomerID) VALUES (125, TO_DATE('2022-11-05', 'YYYY-MM-DD'), 67);
INSERT INTO PURCHASE (PurchaseID, PurchaseDate, CustomerID) VALUES (126, TO_DATE('2019-03-24', 'YYYY-MM-DD'), 18);
INSERT INTO PURCHASE (PurchaseID, PurchaseDate, CustomerID) VALUES (127, TO_DATE('2014-04-11', 'YYYY-MM-DD'), 94);
INSERT INTO PURCHASE (PurchaseID, PurchaseDate, CustomerID) VALUES (128, TO_DATE('2018-09-06', 'YYYY-MM-DD'), 54);
INSERT INTO PURCHASE (PurchaseID, PurchaseDate, CustomerID) VALUES (129, TO_DATE('2020-12-13', 'YYYY-MM-DD'), 50);
INSERT INTO PURCHASE (PurchaseID, PurchaseDate, CustomerID) VALUES (130, TO_DATE('2013-07-18', 'YYYY-MM-DD'), 89);
INSERT INTO PURCHASE (PurchaseID, PurchaseDate, CustomerID) VALUES (131, TO_DATE('2021-06-14', 'YYYY-MM-DD'), 3);
INSERT INTO PURCHASE (PurchaseID, PurchaseDate, CustomerID) VALUES (132, TO_DATE('2011-12-30', 'YYYY-MM-DD'), 100);
INSERT INTO PURCHASE (PurchaseID, PurchaseDate, CustomerID) VALUES (133, TO_DATE('2010-12-07', 'YYYY-MM-DD'), 42);
INSERT INTO PURCHASE (PurchaseID, PurchaseDate, CustomerID) VALUES (134, TO_DATE('2015-08-26', 'YYYY-MM-DD'), 56);
INSERT INTO PURCHASE (PurchaseID, PurchaseDate, CustomerID) VALUES (135, TO_DATE('2012-07-27', 'YYYY-MM-DD'), 5);
INSERT INTO PURCHASE (PurchaseID, PurchaseDate, CustomerID) VALUES (136, TO_DATE('2017-12-23', 'YYYY-MM-DD'), 75);
INSERT INTO PURCHASE (PurchaseID, PurchaseDate, CustomerID) VALUES (137, TO_DATE('2014-12-31', 'YYYY-MM-DD'), 46);
INSERT INTO PURCHASE (PurchaseID, PurchaseDate, CustomerID) VALUES (138, TO_DATE('2013-11-20', 'YYYY-MM-DD'), 16);
INSERT INTO PURCHASE (PurchaseID, PurchaseDate, CustomerID) VALUES (139, TO_DATE('2016-11-13', 'YYYY-MM-DD'), 77);
INSERT INTO PURCHASE (PurchaseID, PurchaseDate, CustomerID) VALUES (140, TO_DATE('2013-03-18', 'YYYY-MM-DD'), 30);
INSERT INTO PURCHASE (PurchaseID, PurchaseDate, CustomerID) VALUES (141, TO_DATE('2018-07-11', 'YYYY-MM-DD'), 95);
INSERT INTO PURCHASE (PurchaseID, PurchaseDate, CustomerID) VALUES (142, TO_DATE('2014-05-07', 'YYYY-MM-DD'), 57);
INSERT INTO PURCHASE (PurchaseID, PurchaseDate, CustomerID) VALUES (143, TO_DATE('2016-06-01', 'YYYY-MM-DD'), 96);
INSERT INTO PURCHASE (PurchaseID, PurchaseDate, CustomerID) VALUES (144, TO_DATE('2015-11-01', 'YYYY-MM-DD'), 91);
INSERT INTO PURCHASE (PurchaseID, PurchaseDate, CustomerID) VALUES (145, TO_DATE('2016-07-17', 'YYYY-MM-DD'), 7);
INSERT INTO PURCHASE (PurchaseID, PurchaseDate, CustomerID) VALUES (146, TO_DATE('2013-12-13', 'YYYY-MM-DD'), 82);
INSERT INTO PURCHASE (PurchaseID, PurchaseDate, CustomerID) VALUES (147, TO_DATE('2014-04-25', 'YYYY-MM-DD'), 34);
INSERT INTO PURCHASE (PurchaseID, PurchaseDate, CustomerID) VALUES (148, TO_DATE('2021-12-24', 'YYYY-MM-DD'), 31);
INSERT INTO PURCHASE (PurchaseID, PurchaseDate, CustomerID) VALUES (149, TO_DATE('2021-10-23', 'YYYY-MM-DD'), 64);
INSERT INTO PURCHASE (PurchaseID, PurchaseDate, CustomerID) VALUES (150, TO_DATE('2011-12-31', 'YYYY-MM-DD'), 81);
INSERT INTO PURCHASE (PurchaseID, PurchaseDate, CustomerID) VALUES (151, TO_DATE('2021-04-03', 'YYYY-MM-DD'), 3);
INSERT INTO PURCHASE (PurchaseID, PurchaseDate, CustomerID) VALUES (152, TO_DATE('2017-09-06', 'YYYY-MM-DD'), 71);
INSERT INTO PURCHASE (PurchaseID, PurchaseDate, CustomerID) VALUES (153, TO_DATE('2022-01-22', 'YYYY-MM-DD'), 88);
INSERT INTO PURCHASE (PurchaseID, PurchaseDate, CustomerID) VALUES (154, TO_DATE('2018-05-25', 'YYYY-MM-DD'), 75);
INSERT INTO PURCHASE (PurchaseID, PurchaseDate, CustomerID) VALUES (155, TO_DATE('2013-01-11', 'YYYY-MM-DD'), 64);
INSERT INTO PURCHASE (PurchaseID, PurchaseDate, CustomerID) VALUES (156, TO_DATE('2019-06-24', 'YYYY-MM-DD'), 64);
INSERT INTO PURCHASE (PurchaseID, PurchaseDate, CustomerID) VALUES (157, TO_DATE('2012-12-02', 'YYYY-MM-DD'), 53);
INSERT INTO PURCHASE (PurchaseID, PurchaseDate, CustomerID) VALUES (158, TO_DATE('2015-03-04', 'YYYY-MM-DD'), 73);
INSERT INTO PURCHASE (PurchaseID, PurchaseDate, CustomerID) VALUES (159, TO_DATE('2012-09-04', 'YYYY-MM-DD'), 89);
INSERT INTO PURCHASE (PurchaseID, PurchaseDate, CustomerID) VALUES (160, TO_DATE('2018-07-07', 'YYYY-MM-DD'), 48);
INSERT INTO PURCHASE (PurchaseID, PurchaseDate, CustomerID) VALUES (161, TO_DATE('2010-10-18', 'YYYY-MM-DD'), 47);
INSERT INTO PURCHASE (PurchaseID, PurchaseDate, CustomerID) VALUES (162, TO_DATE('2012-10-02', 'YYYY-MM-DD'), 62);
INSERT INTO PURCHASE (PurchaseID, PurchaseDate, CustomerID) VALUES (163, TO_DATE('2015-10-05', 'YYYY-MM-DD'), 2);
INSERT INTO PURCHASE (PurchaseID, PurchaseDate, CustomerID) VALUES (164, TO_DATE('2013-06-04', 'YYYY-MM-DD'), 91);
INSERT INTO PURCHASE (PurchaseID, PurchaseDate, CustomerID) VALUES (165, TO_DATE('2014-09-28', 'YYYY-MM-DD'), 90);
INSERT INTO PURCHASE (PurchaseID, PurchaseDate, CustomerID) VALUES (166, TO_DATE('2017-01-15', 'YYYY-MM-DD'), 17);
INSERT INTO PURCHASE (PurchaseID, PurchaseDate, CustomerID) VALUES (167, TO_DATE('2018-11-02', 'YYYY-MM-DD'), 30);
INSERT INTO PURCHASE (PurchaseID, PurchaseDate, CustomerID) VALUES (168, TO_DATE('2020-04-04', 'YYYY-MM-DD'), 12);
INSERT INTO PURCHASE (PurchaseID, PurchaseDate, CustomerID) VALUES (169, TO_DATE('2015-05-13', 'YYYY-MM-DD'), 86);
INSERT INTO PURCHASE (PurchaseID, PurchaseDate, CustomerID) VALUES (170, TO_DATE('2015-10-18', 'YYYY-MM-DD'), 51);
INSERT INTO PURCHASE (PurchaseID, PurchaseDate, CustomerID) VALUES (171, TO_DATE('2015-08-29', 'YYYY-MM-DD'), 35);
INSERT INTO PURCHASE (PurchaseID, PurchaseDate, CustomerID) VALUES (172, TO_DATE('2011-07-23', 'YYYY-MM-DD'), 85);
INSERT INTO PURCHASE (PurchaseID, PurchaseDate, CustomerID) VALUES (173, TO_DATE('2014-05-10', 'YYYY-MM-DD'), 13);
INSERT INTO PURCHASE (PurchaseID, PurchaseDate, CustomerID) VALUES (174, TO_DATE('2020-03-23', 'YYYY-MM-DD'), 43);
INSERT INTO PURCHASE (PurchaseID, PurchaseDate, CustomerID) VALUES (175, TO_DATE('2018-03-07', 'YYYY-MM-DD'), 69);
INSERT INTO PURCHASE (PurchaseID, PurchaseDate, CustomerID) VALUES (176, TO_DATE('2013-04-10', 'YYYY-MM-DD'), 74);
INSERT INTO PURCHASE (PurchaseID, PurchaseDate, CustomerID) VALUES (177, TO_DATE('2022-12-19', 'YYYY-MM-DD'), 11);
INSERT INTO PURCHASE (PurchaseID, PurchaseDate, CustomerID) VALUES (178, TO_DATE('2020-10-26', 'YYYY-MM-DD'), 41);
INSERT INTO PURCHASE (PurchaseID, PurchaseDate, CustomerID) VALUES (179, TO_DATE('2019-06-04', 'YYYY-MM-DD'), 75);
INSERT INTO PURCHASE (PurchaseID, PurchaseDate, CustomerID) VALUES (180, TO_DATE('2014-05-26', 'YYYY-MM-DD'), 25);
INSERT INTO PURCHASE (PurchaseID, PurchaseDate, CustomerID) VALUES (181, TO_DATE('2019-08-28', 'YYYY-MM-DD'), 72);
INSERT INTO PURCHASE (PurchaseID, PurchaseDate, CustomerID) VALUES (182, TO_DATE('2013-05-05', 'YYYY-MM-DD'), 28);
INSERT INTO PURCHASE (PurchaseID, PurchaseDate, CustomerID) VALUES (183, TO_DATE('2022-05-21', 'YYYY-MM-DD'), 20);
INSERT INTO PURCHASE (PurchaseID, PurchaseDate, CustomerID) VALUES (184, TO_DATE('2020-02-09', 'YYYY-MM-DD'), 2);
INSERT INTO PURCHASE (PurchaseID, PurchaseDate, CustomerID) VALUES (185, TO_DATE('2022-12-19', 'YYYY-MM-DD'), 67);
INSERT INTO PURCHASE (PurchaseID, PurchaseDate, CustomerID) VALUES (186, TO_DATE('2020-05-03', 'YYYY-MM-DD'), 30);
INSERT INTO PURCHASE (PurchaseID, PurchaseDate, CustomerID) VALUES (187, TO_DATE('2020-07-03', 'YYYY-MM-DD'), 88);
INSERT INTO PURCHASE (PurchaseID, PurchaseDate, CustomerID) VALUES (188, TO_DATE('2022-12-03', 'YYYY-MM-DD'), 27);
INSERT INTO PURCHASE (PurchaseID, PurchaseDate, CustomerID) VALUES (189, TO_DATE('2016-12-23', 'YYYY-MM-DD'), 1);
INSERT INTO PURCHASE (PurchaseID, PurchaseDate, CustomerID) VALUES (190, TO_DATE('2013-03-31', 'YYYY-MM-DD'), 4);
INSERT INTO PURCHASE (PurchaseID, PurchaseDate, CustomerID) VALUES (191, TO_DATE('2014-06-03', 'YYYY-MM-DD'), 30);
INSERT INTO PURCHASE (PurchaseID, PurchaseDate, CustomerID) VALUES (192, TO_DATE('2013-08-05', 'YYYY-MM-DD'), 88);
INSERT INTO PURCHASE (PurchaseID, PurchaseDate, CustomerID) VALUES (193, TO_DATE('2019-06-01', 'YYYY-MM-DD'), 57);
INSERT INTO PURCHASE (PurchaseID, PurchaseDate, CustomerID) VALUES (194, TO_DATE('2010-07-16', 'YYYY-MM-DD'), 71);
INSERT INTO PURCHASE (PurchaseID, PurchaseDate, CustomerID) VALUES (195, TO_DATE('2020-08-13', 'YYYY-MM-DD'), 45);
INSERT INTO PURCHASE (PurchaseID, PurchaseDate, CustomerID) VALUES (196, TO_DATE('2011-09-23', 'YYYY-MM-DD'), 49);
INSERT INTO PURCHASE (PurchaseID, PurchaseDate, CustomerID) VALUES (197, TO_DATE('2010-02-22', 'YYYY-MM-DD'), 3);
INSERT INTO PURCHASE (PurchaseID, PurchaseDate, CustomerID) VALUES (198, TO_DATE('2020-11-19', 'YYYY-MM-DD'), 95);
INSERT INTO PURCHASE (PurchaseID, PurchaseDate, CustomerID) VALUES (199, TO_DATE('2020-12-01', 'YYYY-MM-DD'), 71);
INSERT INTO PURCHASE (PurchaseID, PurchaseDate, CustomerID) VALUES (200, TO_DATE('2013-09-24', 'YYYY-MM-DD'), 35);

INSERT INTO MOVIE (MovieID, MovieName, ReleaseDate, Genre, Runtime, DirectorID) VALUES (1, 'The Forgotten Chronicles', TO_DATE('1983-07-31', 'YYYY-MM-DD'), 'Horror', 137, 1);
INSERT INTO MOVIE (MovieID, MovieName, ReleaseDate, Genre, Runtime, DirectorID) VALUES (2, 'Chronicles of Infinity', TO_DATE('2004-05-29', 'YYYY-MM-DD'), 'Comedy', 153, 36);
INSERT INTO MOVIE (MovieID, MovieName, ReleaseDate, Genre, Runtime, DirectorID) VALUES (3, 'Whispers of Stardust', TO_DATE('1988-08-03', 'YYYY-MM-DD'), 'Thriller', 66, 11);
INSERT INTO MOVIE (MovieID, MovieName, ReleaseDate, Genre, Runtime, DirectorID) VALUES (4, 'Chronicles of the Celestial Planet', TO_DATE('2008-03-24', 'YYYY-MM-DD'), 'Action', 152, 37);
INSERT INTO MOVIE (MovieID, MovieName, ReleaseDate, Genre, Runtime, DirectorID) VALUES (5, 'Pandoras Legacy', TO_DATE('1995-04-27', 'YYYY-MM-DD'), 'Drama', 74, 7);
INSERT INTO MOVIE (MovieID, MovieName, ReleaseDate, Genre, Runtime, DirectorID) VALUES (6, 'Lost in the Nebula', TO_DATE('2004-10-17', 'YYYY-MM-DD'), 'Comedy', 102, 31);
INSERT INTO MOVIE (MovieID, MovieName, ReleaseDate, Genre, Runtime, DirectorID) VALUES (7, 'Phantom Echoes', TO_DATE('1999-04-02', 'YYYY-MM-DD'), 'Drama', 129, 4);
INSERT INTO MOVIE (MovieID, MovieName, ReleaseDate, Genre, Runtime, DirectorID) VALUES (8, 'The Enchanted Nebula Chronicles', TO_DATE('1999-09-10', 'YYYY-MM-DD'), 'Drama', 157, 44);
INSERT INTO MOVIE (MovieID, MovieName, ReleaseDate, Genre, Runtime, DirectorID) VALUES (9, 'The Forgotten Kingdom', TO_DATE('2007-05-17', 'YYYY-MM-DD'), 'Horror', 93, 40);
INSERT INTO MOVIE (MovieID, MovieName, ReleaseDate, Genre, Runtime, DirectorID) VALUES (10, 'Midnight Symphony', TO_DATE('2004-05-28', 'YYYY-MM-DD'), 'Action', 179, 20);
INSERT INTO MOVIE (MovieID, MovieName, ReleaseDate, Genre, Runtime, DirectorID) VALUES (11, 'The Quantum Paradox', TO_DATE('1980-03-14', 'YYYY-MM-DD'), 'Drama', 172, 16);
INSERT INTO MOVIE (MovieID, MovieName, ReleaseDate, Genre, Runtime, DirectorID) VALUES (12, 'Mystical Reverie', TO_DATE('2011-08-23', 'YYYY-MM-DD'), 'Comedy', 117, 29);
INSERT INTO MOVIE (MovieID, MovieName, ReleaseDate, Genre, Runtime, DirectorID) VALUES (13, 'Avalons Quest', TO_DATE('2016-09-06', 'YYYY-MM-DD'), 'Comedy', 105, 28);
INSERT INTO MOVIE (MovieID, MovieName, ReleaseDate, Genre, Runtime, DirectorID) VALUES (14, 'The Enchanted Scepter', TO_DATE('2005-12-19', 'YYYY-MM-DD'), 'Romance', 105, 46);
INSERT INTO MOVIE (MovieID, MovieName, ReleaseDate, Genre, Runtime, DirectorID) VALUES (15, 'The Spectral Key', TO_DATE('2005-07-23', 'YYYY-MM-DD'), 'Romance', 177, 36);
INSERT INTO MOVIE (MovieID, MovieName, ReleaseDate, Genre, Runtime, DirectorID) VALUES (16, 'The Time Travelers Dilemma', TO_DATE('1988-05-12', 'YYYY-MM-DD'), 'Comedy', 70, 47);
INSERT INTO MOVIE (MovieID, MovieName, ReleaseDate, Genre, Runtime, DirectorID) VALUES (17, 'Journey to the Starlight Sanctuary', TO_DATE('1996-07-22', 'YYYY-MM-DD'), 'Comedy', 140, 19);
INSERT INTO MOVIE (MovieID, MovieName, ReleaseDate, Genre, Runtime, DirectorID) VALUES (18, 'Celestial Harmony', TO_DATE('2002-03-10', 'YYYY-MM-DD'), 'Comedy', 149, 39);
INSERT INTO MOVIE (MovieID, MovieName, ReleaseDate, Genre, Runtime, DirectorID) VALUES (19, 'The Starlight Conspiracy', TO_DATE('2021-04-09', 'YYYY-MM-DD'), 'Romance', 160, 3);
INSERT INTO MOVIE (MovieID, MovieName, ReleaseDate, Genre, Runtime, DirectorID) VALUES (20, 'The Forgotten Enchantment', TO_DATE('1980-09-10', 'YYYY-MM-DD'), 'Romance', 163, 3);
INSERT INTO MOVIE (MovieID, MovieName, ReleaseDate, Genre, Runtime, DirectorID) VALUES (21, 'The Enchanted Echo', TO_DATE('1987-05-31', 'YYYY-MM-DD'), 'Horror', 167, 28);
INSERT INTO MOVIE (MovieID, MovieName, ReleaseDate, Genre, Runtime, DirectorID) VALUES (22, 'The Nebula Conspiracy', TO_DATE('1984-09-26', 'YYYY-MM-DD'), 'Horror', 84, 22);
INSERT INTO MOVIE (MovieID, MovieName, ReleaseDate, Genre, Runtime, DirectorID) VALUES (23, 'Realm of Dreams', TO_DATE('2003-11-08', 'YYYY-MM-DD'), 'Romance', 162, 35);
INSERT INTO MOVIE (MovieID, MovieName, ReleaseDate, Genre, Runtime, DirectorID) VALUES (24, 'Midnight Secrets', TO_DATE('2011-05-12', 'YYYY-MM-DD'), 'Romance', 81, 43);
INSERT INTO MOVIE (MovieID, MovieName, ReleaseDate, Genre, Runtime, DirectorID) VALUES (25, 'The Phantom Mirage', TO_DATE('1997-06-01', 'YYYY-MM-DD'), 'Horror', 79, 17);
INSERT INTO MOVIE (MovieID, MovieName, ReleaseDate, Genre, Runtime, DirectorID) VALUES (26, 'The Time Travelers Legacy', TO_DATE('2016-07-10', 'YYYY-MM-DD'), 'Horror', 153, 41);
INSERT INTO MOVIE (MovieID, MovieName, ReleaseDate, Genre, Runtime, DirectorID) VALUES (27, 'Midnight Carnival', TO_DATE('2022-08-26', 'YYYY-MM-DD'), 'Action', 119, 30);
INSERT INTO MOVIE (MovieID, MovieName, ReleaseDate, Genre, Runtime, DirectorID) VALUES (28, 'The Enchanted Carnival', TO_DATE('2005-10-18', 'YYYY-MM-DD'), 'Action', 95, 47);
INSERT INTO MOVIE (MovieID, MovieName, ReleaseDate, Genre, Runtime, DirectorID) VALUES (29, 'Whispers in the Quantum Abyss', TO_DATE('1987-06-10', 'YYYY-MM-DD'), 'Action', 106, 3);
INSERT INTO MOVIE (MovieID, MovieName, ReleaseDate, Genre, Runtime, DirectorID) VALUES (30, 'The Neon Mirage', TO_DATE('2014-05-23', 'YYYY-MM-DD'), 'Romance', 133, 13);
INSERT INTO MOVIE (MovieID, MovieName, ReleaseDate, Genre, Runtime, DirectorID) VALUES (31, 'The Enigma Code', TO_DATE('1993-12-23', 'YYYY-MM-DD'), 'Action', 151, 3);
INSERT INTO MOVIE (MovieID, MovieName, ReleaseDate, Genre, Runtime, DirectorID) VALUES (32, 'The Lost Labyrinth', TO_DATE('1982-12-06', 'YYYY-MM-DD'), 'Romance', 164, 8);
INSERT INTO MOVIE (MovieID, MovieName, ReleaseDate, Genre, Runtime, DirectorID) VALUES (33, 'Journey to the Enchanted Realm', TO_DATE('2018-09-15', 'YYYY-MM-DD'), 'Romance', 69, 42);
INSERT INTO MOVIE (MovieID, MovieName, ReleaseDate, Genre, Runtime, DirectorID) VALUES (34, 'Crimson Skies of Destiny', TO_DATE('1981-12-06', 'YYYY-MM-DD'), 'Drama', 117, 9);
INSERT INTO MOVIE (MovieID, MovieName, ReleaseDate, Genre, Runtime, DirectorID) VALUES (35, 'The Lost Constellation', TO_DATE('2013-10-05', 'YYYY-MM-DD'), 'Drama', 148, 3);
INSERT INTO MOVIE (MovieID, MovieName, ReleaseDate, Genre, Runtime, DirectorID) VALUES (36, 'Mystical Mirage', TO_DATE('1988-06-07', 'YYYY-MM-DD'), 'Drama', 179, 40);
INSERT INTO MOVIE (MovieID, MovieName, ReleaseDate, Genre, Runtime, DirectorID) VALUES (37, 'Journey to the Cosmic Nexus', TO_DATE('1990-11-30', 'YYYY-MM-DD'), 'Romance', 104, 30);
INSERT INTO MOVIE (MovieID, MovieName, ReleaseDate, Genre, Runtime, DirectorID) VALUES (38, 'Whispers in the Wind', TO_DATE('1994-08-26', 'YYYY-MM-DD'), 'Romance', 152, 48);
INSERT INTO MOVIE (MovieID, MovieName, ReleaseDate, Genre, Runtime, DirectorID) VALUES (39, 'Secrets of the Enchanted Forest', TO_DATE('1982-09-16', 'YYYY-MM-DD'), 'Thriller', 178, 5);
INSERT INTO MOVIE (MovieID, MovieName, ReleaseDate, Genre, Runtime, DirectorID) VALUES (40, 'Mysteries of the Starlight Empire', TO_DATE('2012-08-08', 'YYYY-MM-DD'), 'Romance', 87, 14);
INSERT INTO MOVIE (MovieID, MovieName, ReleaseDate, Genre, Runtime, DirectorID) VALUES (41, 'Echoes of Atlantis', TO_DATE('1981-07-10', 'YYYY-MM-DD'), 'Horror', 169, 35);
INSERT INTO MOVIE (MovieID, MovieName, ReleaseDate, Genre, Runtime, DirectorID) VALUES (42, 'The Celestial Riddle', TO_DATE('1987-08-02', 'YYYY-MM-DD'), 'Action', 125, 4);
INSERT INTO MOVIE (MovieID, MovieName, ReleaseDate, Genre, Runtime, DirectorID) VALUES (43, 'Realm of the Quantum Enchantment', TO_DATE('2009-06-07', 'YYYY-MM-DD'), 'Horror', 136, 13);
INSERT INTO MOVIE (MovieID, MovieName, ReleaseDate, Genre, Runtime, DirectorID) VALUES (44, 'Crimson Skies of Infinity', TO_DATE('2017-05-12', 'YYYY-MM-DD'), 'Thriller', 61, 20);
INSERT INTO MOVIE (MovieID, MovieName, ReleaseDate, Genre, Runtime, DirectorID) VALUES (45, 'Echoes from the Quantum Realm', TO_DATE('1982-04-04', 'YYYY-MM-DD'), 'Horror', 93, 22);
INSERT INTO MOVIE (MovieID, MovieName, ReleaseDate, Genre, Runtime, DirectorID) VALUES (46, 'Neon Nights', TO_DATE('1982-12-14', 'YYYY-MM-DD'), 'Horror', 149, 4);
INSERT INTO MOVIE (MovieID, MovieName, ReleaseDate, Genre, Runtime, DirectorID) VALUES (47, 'Solaris Rising', TO_DATE('2017-02-22', 'YYYY-MM-DD'), 'Horror', 118, 26);
INSERT INTO MOVIE (MovieID, MovieName, ReleaseDate, Genre, Runtime, DirectorID) VALUES (48, 'Voyage to the Crimson Nebula', TO_DATE('1992-04-26', 'YYYY-MM-DD'), 'Romance', 174, 26);
INSERT INTO MOVIE (MovieID, MovieName, ReleaseDate, Genre, Runtime, DirectorID) VALUES (49, 'The Lost Nebula Odyssey', TO_DATE('2006-06-06', 'YYYY-MM-DD'), 'Horror', 124, 6);
INSERT INTO MOVIE (MovieID, MovieName, ReleaseDate, Genre, Runtime, DirectorID) VALUES (50, 'Starship Renegades', TO_DATE('2012-08-17', 'YYYY-MM-DD'), 'Comedy', 70, 9);
INSERT INTO MOVIE (MovieID, MovieName, ReleaseDate, Genre, Runtime, DirectorID) VALUES (51, 'The Enchanted Starlight', TO_DATE('1984-10-30', 'YYYY-MM-DD'), 'Horror', 149, 4);
INSERT INTO MOVIE (MovieID, MovieName, ReleaseDate, Genre, Runtime, DirectorID) VALUES (52, 'The Secret of Pandoras Box', TO_DATE('2022-03-03', 'YYYY-MM-DD'), 'Drama', 79, 19);
INSERT INTO MOVIE (MovieID, MovieName, ReleaseDate, Genre, Runtime, DirectorID) VALUES (53, 'The Enchanted Prophecy', TO_DATE('2007-03-11', 'YYYY-MM-DD'), 'Action', 151, 15);
INSERT INTO MOVIE (MovieID, MovieName, ReleaseDate, Genre, Runtime, DirectorID) VALUES (54, 'The Solaris Enigma', TO_DATE('2002-12-14', 'YYYY-MM-DD'), 'Action', 166, 42);
INSERT INTO MOVIE (MovieID, MovieName, ReleaseDate, Genre, Runtime, DirectorID) VALUES (55, 'Beyond the Horizon', TO_DATE('2004-09-03', 'YYYY-MM-DD'), 'Action', 148, 2);
INSERT INTO MOVIE (MovieID, MovieName, ReleaseDate, Genre, Runtime, DirectorID) VALUES (56, 'Chronicles of the Crystal Guardians', TO_DATE('1996-10-03', 'YYYY-MM-DD'), 'Romance', 145, 14);
INSERT INTO MOVIE (MovieID, MovieName, ReleaseDate, Genre, Runtime, DirectorID) VALUES (57, 'Galactic Odyssey', TO_DATE('1983-09-26', 'YYYY-MM-DD'), 'Romance', 83, 23);
INSERT INTO MOVIE (MovieID, MovieName, ReleaseDate, Genre, Runtime, DirectorID) VALUES (58, 'Chronicles of the Quantum Explorer', TO_DATE('2014-01-21', 'YYYY-MM-DD'), 'Drama', 152, 27);
INSERT INTO MOVIE (MovieID, MovieName, ReleaseDate, Genre, Runtime, DirectorID) VALUES (59, 'Starship Odyssey', TO_DATE('2022-03-26', 'YYYY-MM-DD'), 'Drama', 104, 44);
INSERT INTO MOVIE (MovieID, MovieName, ReleaseDate, Genre, Runtime, DirectorID) VALUES (60, 'The Time Travelers Redemption', TO_DATE('2000-05-17', 'YYYY-MM-DD'), 'Comedy', 137, 27);
INSERT INTO MOVIE (MovieID, MovieName, ReleaseDate, Genre, Runtime, DirectorID) VALUES (61, 'Whispering Shadows', TO_DATE('2012-05-22', 'YYYY-MM-DD'), 'Drama', 121, 6);
INSERT INTO MOVIE (MovieID, MovieName, ReleaseDate, Genre, Runtime, DirectorID) VALUES (62, 'Echoes of Eternity', TO_DATE('1980-08-09', 'YYYY-MM-DD'), 'Thriller', 131, 15);
INSERT INTO MOVIE (MovieID, MovieName, ReleaseDate, Genre, Runtime, DirectorID) VALUES (63, 'Crimson Skies', TO_DATE('2011-02-16', 'YYYY-MM-DD'), 'Thriller', 160, 10);
INSERT INTO MOVIE (MovieID, MovieName, ReleaseDate, Genre, Runtime, DirectorID) VALUES (64, 'Secrets of the Astral Nexus', TO_DATE('2011-07-07', 'YYYY-MM-DD'), 'Horror', 100, 18);
INSERT INTO MOVIE (MovieID, MovieName, ReleaseDate, Genre, Runtime, DirectorID) VALUES (65, 'Twilight Enigma', TO_DATE('1995-02-13', 'YYYY-MM-DD'), 'Action', 150, 27);
INSERT INTO MOVIE (MovieID, MovieName, ReleaseDate, Genre, Runtime, DirectorID) VALUES (66, 'Phantom of the Abyss', TO_DATE('2011-02-19', 'YYYY-MM-DD'), 'Horror', 164, 14);
INSERT INTO MOVIE (MovieID, MovieName, ReleaseDate, Genre, Runtime, DirectorID) VALUES (67, 'Firefly Junction', TO_DATE('1998-03-28', 'YYYY-MM-DD'), 'Drama', 83, 15);
INSERT INTO MOVIE (MovieID, MovieName, ReleaseDate, Genre, Runtime, DirectorID) VALUES (68, 'Chasing Nebulous Dreams', TO_DATE('1983-11-11', 'YYYY-MM-DD'), 'Comedy', 135, 40);
INSERT INTO MOVIE (MovieID, MovieName, ReleaseDate, Genre, Runtime, DirectorID) VALUES (69, 'Crimson Moonlight', TO_DATE('2008-01-15', 'YYYY-MM-DD'), 'Comedy', 179, 16);
INSERT INTO MOVIE (MovieID, MovieName, ReleaseDate, Genre, Runtime, DirectorID) VALUES (70, 'Mysteries of the Starship Nexus', TO_DATE('1986-11-13', 'YYYY-MM-DD'), 'Comedy', 172, 46);
INSERT INTO MOVIE (MovieID, MovieName, ReleaseDate, Genre, Runtime, DirectorID) VALUES (71, 'The Crystal Guardians', TO_DATE('1993-03-26', 'YYYY-MM-DD'), 'Action', 127, 30);
INSERT INTO MOVIE (MovieID, MovieName, ReleaseDate, Genre, Runtime, DirectorID) VALUES (72, 'Serendipity Falls', TO_DATE('1980-08-25', 'YYYY-MM-DD'), 'Comedy', 130, 37);
INSERT INTO MOVIE (MovieID, MovieName, ReleaseDate, Genre, Runtime, DirectorID) VALUES (73, 'The Celestial SerendipityMidnight Serenade', TO_DATE('2004-11-19', 'YYYY-MM-DD'), 'Drama', 125, 1);
INSERT INTO MOVIE (MovieID, MovieName, ReleaseDate, Genre, Runtime, DirectorID) VALUES (74, 'The Nebula Serenade', TO_DATE('1991-06-29', 'YYYY-MM-DD'), 'Drama', 127, 46);
INSERT INTO MOVIE (MovieID, MovieName, ReleaseDate, Genre, Runtime, DirectorID) VALUES (75, 'Starlight Secrets of Time', TO_DATE('1991-12-20', 'YYYY-MM-DD'), 'Thriller', 179, 48);
INSERT INTO MOVIE (MovieID, MovieName, ReleaseDate, Genre, Runtime, DirectorID) VALUES (76, 'Guardians of the Celestial Sphere', TO_DATE('1999-12-26', 'YYYY-MM-DD'), 'Action', 151, 41);
INSERT INTO MOVIE (MovieID, MovieName, ReleaseDate, Genre, Runtime, DirectorID) VALUES (77, 'Whispers from the Abyss', TO_DATE('2015-06-24', 'YYYY-MM-DD'), 'Horror', 86, 35);
INSERT INTO MOVIE (MovieID, MovieName, ReleaseDate, Genre, Runtime, DirectorID) VALUES (78, 'The Celestial Echo', TO_DATE('2019-06-29', 'YYYY-MM-DD'), 'Comedy', 69, 31);
INSERT INTO MOVIE (MovieID, MovieName, ReleaseDate, Genre, Runtime, DirectorID) VALUES (79, 'The Timeless Quest', TO_DATE('1995-01-15', 'YYYY-MM-DD'), 'Horror', 163, 27);
INSERT INTO MOVIE (MovieID, MovieName, ReleaseDate, Genre, Runtime, DirectorID) VALUES (80, 'The Forbidden Labyrinth', TO_DATE('2015-07-11', 'YYYY-MM-DD'), 'Action', 176, 45);
INSERT INTO MOVIE (MovieID, MovieName, ReleaseDate, Genre, Runtime, DirectorID) VALUES (81, 'The Celestial Odyssey', TO_DATE('1990-05-15', 'YYYY-MM-DD'), 'Horror', 118, 31);
INSERT INTO MOVIE (MovieID, MovieName, ReleaseDate, Genre, Runtime, DirectorID) VALUES (82, 'Saga of the Astral Nomads', TO_DATE('2000-08-24', 'YYYY-MM-DD'), 'Comedy', 171, 9);
INSERT INTO MOVIE (MovieID, MovieName, ReleaseDate, Genre, Runtime, DirectorID) VALUES (83, 'Realm of Twilight', TO_DATE('1980-07-18', 'YYYY-MM-DD'), 'Drama', 177, 2);
INSERT INTO MOVIE (MovieID, MovieName, ReleaseDate, Genre, Runtime, DirectorID) VALUES (84, 'Enchanted Reverie', TO_DATE('2003-03-20', 'YYYY-MM-DD'), 'Action', 84, 14);
INSERT INTO MOVIE (MovieID, MovieName, ReleaseDate, Genre, Runtime, DirectorID) VALUES (85, 'Stardust Legacy', TO_DATE('2004-07-05', 'YYYY-MM-DD'), 'Thriller', 96, 49);
INSERT INTO MOVIE (MovieID, MovieName, ReleaseDate, Genre, Runtime, DirectorID) VALUES (86, 'Echoes from the Nebulous Frontier', TO_DATE('2011-12-25', 'YYYY-MM-DD'), 'Action', 69, 15);
INSERT INTO MOVIE (MovieID, MovieName, ReleaseDate, Genre, Runtime, DirectorID) VALUES (87, 'Quest for the Timeless Relic', TO_DATE('2015-07-07', 'YYYY-MM-DD'), 'Action', 168, 2);
INSERT INTO MOVIE (MovieID, MovieName, ReleaseDate, Genre, Runtime, DirectorID) VALUES (88, 'Timeless Echoes', TO_DATE('1993-09-24', 'YYYY-MM-DD'), 'Thriller', 63, 39);
INSERT INTO MOVIE (MovieID, MovieName, ReleaseDate, Genre, Runtime, DirectorID) VALUES (89, 'The Lost Kingdom of Avalon', TO_DATE('1993-12-30', 'YYYY-MM-DD'), 'Thriller', 157, 40);
INSERT INTO MOVIE (MovieID, MovieName, ReleaseDate, Genre, Runtime, DirectorID) VALUES (90, 'Quest for the Sapphire Crown', TO_DATE('2015-06-04', 'YYYY-MM-DD'), 'Drama', 118, 2);
INSERT INTO MOVIE (MovieID, MovieName, ReleaseDate, Genre, Runtime, DirectorID) VALUES (91, 'The Solaris Prophecy', TO_DATE('1992-03-07', 'YYYY-MM-DD'), 'Comedy', 145, 31);
INSERT INTO MOVIE (MovieID, MovieName, ReleaseDate, Genre, Runtime, DirectorID) VALUES (92, 'Chasing Shadows', TO_DATE('2001-05-18', 'YYYY-MM-DD'), 'Action', 176, 2);
INSERT INTO MOVIE (MovieID, MovieName, ReleaseDate, Genre, Runtime, DirectorID) VALUES (93, 'Lost in the Cosmos', TO_DATE('1998-01-27', 'YYYY-MM-DD'), 'Action', 128, 16);
INSERT INTO MOVIE (MovieID, MovieName, ReleaseDate, Genre, Runtime, DirectorID) VALUES (94, 'The Celestial Elysium', TO_DATE('2005-02-11', 'YYYY-MM-DD'), 'Drama', 176, 44);
INSERT INTO MOVIE (MovieID, MovieName, ReleaseDate, Genre, Runtime, DirectorID) VALUES (95, 'Adventures in the Cosmic Wilderness', TO_DATE('2002-07-10', 'YYYY-MM-DD'), 'Comedy', 141, 37);
INSERT INTO MOVIE (MovieID, MovieName, ReleaseDate, Genre, Runtime, DirectorID) VALUES (96, 'Elysium Chronicles', TO_DATE('1991-02-23', 'YYYY-MM-DD'), 'Horror', 159, 17);
INSERT INTO MOVIE (MovieID, MovieName, ReleaseDate, Genre, Runtime, DirectorID) VALUES (97, 'The Starlight Serenade', TO_DATE('1997-09-07', 'YYYY-MM-DD'), 'Action', 85, 27);
INSERT INTO MOVIE (MovieID, MovieName, ReleaseDate, Genre, Runtime, DirectorID) VALUES (98, 'Quantum Dreams', TO_DATE('2015-10-15', 'YYYY-MM-DD'), 'Horror', 140, 26);
INSERT INTO MOVIE (MovieID, MovieName, ReleaseDate, Genre, Runtime, DirectorID) VALUES (99, 'The Serendipity Paradox', TO_DATE('2001-01-14', 'YYYY-MM-DD'), 'Action', 125, 34);
INSERT INTO MOVIE (MovieID, MovieName, ReleaseDate, Genre, Runtime, DirectorID) VALUES (100, 'Guardians of the Celestial Harmony', TO_DATE('1995-05-13', 'YYYY-MM-DD'), 'Drama', 77, 11);

INSERT INTO REVIEW (ReviewID, Score, Comments, MovieID, CustomerID) VALUES (1, 88, 'Lorem ipsum dolor sit amet, consectetur adipiscing elit, sed do eiusmod tempor incididunt ut labore et dolore magna aliqua.', 85, 43);
INSERT INTO REVIEW (ReviewID, Score, Comments, MovieID, CustomerID) VALUES (2, 79, 'Lorem ipsum dolor sit amet, consectetur adipiscing elit, sed do eiusmod tempor incididunt ut labore et dolore magna aliqua.', 50, 90);
INSERT INTO REVIEW (ReviewID, Score, MovieID, CustomerID) VALUES (3, 82, 6, 30);
INSERT INTO REVIEW (ReviewID, Score, Comments, MovieID, CustomerID) VALUES (4, 67, 'Lorem ipsum dolor sit amet, consectetur adipiscing elit, sed do eiusmod tempor incididunt ut labore et dolore magna aliqua.', 21, 88);
INSERT INTO REVIEW (ReviewID, Score, MovieID, CustomerID) VALUES (5, 46, 64, 96);
INSERT INTO REVIEW (ReviewID, Score, MovieID, CustomerID) VALUES (6, 57, 60, 24);
INSERT INTO REVIEW (ReviewID, Score, Comments, MovieID, CustomerID) VALUES (7, 8, 'Lorem ipsum dolor sit amet, consectetur adipiscing elit, sed do eiusmod tempor incididunt ut labore et dolore magna aliqua.', 9, 42);
INSERT INTO REVIEW (ReviewID, Score, MovieID, CustomerID) VALUES (8, 78, 2, 93);
INSERT INTO REVIEW (ReviewID, Score, Comments, MovieID, CustomerID) VALUES (9, 15, 'Lorem ipsum dolor sit amet, consectetur adipiscing elit, sed do eiusmod tempor incididunt ut labore et dolore magna aliqua.', 100, 60);
INSERT INTO REVIEW (ReviewID, Score, MovieID, CustomerID) VALUES (10, 45, 49, 31);
INSERT INTO REVIEW (ReviewID, Score, Comments, MovieID, CustomerID) VALUES (11, 40, 'Lorem ipsum dolor sit amet, consectetur adipiscing elit, sed do eiusmod tempor incididunt ut labore et dolore magna aliqua.', 31, 92);
INSERT INTO REVIEW (ReviewID, Score, MovieID, CustomerID) VALUES (12, 10, 17, 14);
INSERT INTO REVIEW (ReviewID, Score, MovieID, CustomerID) VALUES (13, 3, 29, 34);
INSERT INTO REVIEW (ReviewID, Score, MovieID, CustomerID) VALUES (14, 79, 42, 50);
INSERT INTO REVIEW (ReviewID, Score, MovieID, CustomerID) VALUES (15, 44, 59, 66);
INSERT INTO REVIEW (ReviewID, Score, MovieID, CustomerID) VALUES (16, 17, 21, 39);
INSERT INTO REVIEW (ReviewID, Score, MovieID, CustomerID) VALUES (17, 78, 47, 27);
INSERT INTO REVIEW (ReviewID, Score, MovieID, CustomerID) VALUES (18, 41, 80, 69);
INSERT INTO REVIEW (ReviewID, Score, MovieID, CustomerID) VALUES (19, 91, 24, 45);
INSERT INTO REVIEW (ReviewID, Score, MovieID, CustomerID) VALUES (20, 79, 14, 30);
INSERT INTO REVIEW (ReviewID, Score, MovieID, CustomerID) VALUES (21, 55, 29, 81);
INSERT INTO REVIEW (ReviewID, Score, MovieID, CustomerID) VALUES (22, 57, 74, 74);
INSERT INTO REVIEW (ReviewID, Score, MovieID, CustomerID) VALUES (23, 69, 72, 20);
INSERT INTO REVIEW (ReviewID, Score, Comments, MovieID, CustomerID) VALUES (24, 50, 'Lorem ipsum dolor sit amet, consectetur adipiscing elit, sed do eiusmod tempor incididunt ut labore et dolore magna aliqua.', 13, 35);
INSERT INTO REVIEW (ReviewID, Score, Comments, MovieID, CustomerID) VALUES (25, 22, 'Lorem ipsum dolor sit amet, consectetur adipiscing elit, sed do eiusmod tempor incididunt ut labore et dolore magna aliqua.', 30, 13);
INSERT INTO REVIEW (ReviewID, Score, MovieID, CustomerID) VALUES (26, 65, 52, 17);
INSERT INTO REVIEW (ReviewID, Score, MovieID, CustomerID) VALUES (27, 73, 93, 26);
INSERT INTO REVIEW (ReviewID, Score, Comments, MovieID, CustomerID) VALUES (28, 94, 'Lorem ipsum dolor sit amet, consectetur adipiscing elit, sed do eiusmod tempor incididunt ut labore et dolore magna aliqua.', 71, 57);
INSERT INTO REVIEW (ReviewID, Score, Comments, MovieID, CustomerID) VALUES (29, 80, 'Lorem ipsum dolor sit amet, consectetur adipiscing elit, sed do eiusmod tempor incididunt ut labore et dolore magna aliqua.', 74, 53);
INSERT INTO REVIEW (ReviewID, Score, MovieID, CustomerID) VALUES (30, 2, 73, 15);
INSERT INTO REVIEW (ReviewID, Score, MovieID, CustomerID) VALUES (31, 62, 85, 44);
INSERT INTO REVIEW (ReviewID, Score, Comments, MovieID, CustomerID) VALUES (32, 46, 'Lorem ipsum dolor sit amet, consectetur adipiscing elit, sed do eiusmod tempor incididunt ut labore et dolore magna aliqua.', 51, 31);
INSERT INTO REVIEW (ReviewID, Score, MovieID, CustomerID) VALUES (33, 67, 19, 52);
INSERT INTO REVIEW (ReviewID, Score, MovieID, CustomerID) VALUES (34, 5, 21, 34);
INSERT INTO REVIEW (ReviewID, Score, MovieID, CustomerID) VALUES (35, 58, 89, 99);
INSERT INTO REVIEW (ReviewID, Score, Comments, MovieID, CustomerID) VALUES (36, 33, 'Lorem ipsum dolor sit amet, consectetur adipiscing elit, sed do eiusmod tempor incididunt ut labore et dolore magna aliqua.', 24, 65);
INSERT INTO REVIEW (ReviewID, Score, MovieID, CustomerID) VALUES (37, 12, 40, 27);
INSERT INTO REVIEW (ReviewID, Score, Comments, MovieID, CustomerID) VALUES (38, 94, 'Lorem ipsum dolor sit amet, consectetur adipiscing elit, sed do eiusmod tempor incididunt ut labore et dolore magna aliqua.', 45, 73);
INSERT INTO REVIEW (ReviewID, Score, MovieID, CustomerID) VALUES (39, 20, 91, 39);
INSERT INTO REVIEW (ReviewID, Score, MovieID, CustomerID) VALUES (40, 100, 48, 46);
INSERT INTO REVIEW (ReviewID, Score, MovieID, CustomerID) VALUES (41, 38, 18, 92);
INSERT INTO REVIEW (ReviewID, Score, MovieID, CustomerID) VALUES (42, 51, 6, 49);
INSERT INTO REVIEW (ReviewID, Score, MovieID, CustomerID) VALUES (43, 86, 33, 48);
INSERT INTO REVIEW (ReviewID, Score, MovieID, CustomerID) VALUES (44, 99, 13, 45);
INSERT INTO REVIEW (ReviewID, Score, MovieID, CustomerID) VALUES (45, 56, 54, 45);
INSERT INTO REVIEW (ReviewID, Score, MovieID, CustomerID) VALUES (46, 98, 53, 12);
INSERT INTO REVIEW (ReviewID, Score, MovieID, CustomerID) VALUES (47, 90, 6, 81);
INSERT INTO REVIEW (ReviewID, Score, Comments, MovieID, CustomerID) VALUES (48, 45, 'Lorem ipsum dolor sit amet, consectetur adipiscing elit, sed do eiusmod tempor incididunt ut labore et dolore magna aliqua.', 23, 32);
INSERT INTO REVIEW (ReviewID, Score, Comments, MovieID, CustomerID) VALUES (49, 22, 'Lorem ipsum dolor sit amet, consectetur adipiscing elit, sed do eiusmod tempor incididunt ut labore et dolore magna aliqua.', 84, 6);
INSERT INTO REVIEW (ReviewID, Score, MovieID, CustomerID) VALUES (50, 43, 3, 74);
INSERT INTO REVIEW (ReviewID, Score, MovieID, CustomerID) VALUES (51, 19, 95, 100);
INSERT INTO REVIEW (ReviewID, Score, MovieID, CustomerID) VALUES (52, 86, 21, 27);
INSERT INTO REVIEW (ReviewID, Score, MovieID, CustomerID) VALUES (53, 12, 89, 80);
INSERT INTO REVIEW (ReviewID, Score, MovieID, CustomerID) VALUES (54, 55, 23, 90);
INSERT INTO REVIEW (ReviewID, Score, Comments, MovieID, CustomerID) VALUES (55, 24, 'Lorem ipsum dolor sit amet, consectetur adipiscing elit, sed do eiusmod tempor incididunt ut labore et dolore magna aliqua.', 89, 43);
INSERT INTO REVIEW (ReviewID, Score, Comments, MovieID, CustomerID) VALUES (56, 34, 'Lorem ipsum dolor sit amet, consectetur adipiscing elit, sed do eiusmod tempor incididunt ut labore et dolore magna aliqua.', 45, 14);
INSERT INTO REVIEW (ReviewID, Score, MovieID, CustomerID) VALUES (57, 6, 99, 72);
INSERT INTO REVIEW (ReviewID, Score, MovieID, CustomerID) VALUES (58, 81, 57, 48);
INSERT INTO REVIEW (ReviewID, Score, MovieID, CustomerID) VALUES (59, 34, 12, 75);
INSERT INTO REVIEW (ReviewID, Score, MovieID, CustomerID) VALUES (60, 89, 51, 2);
INSERT INTO REVIEW (ReviewID, Score, MovieID, CustomerID) VALUES (61, 80, 22, 86);
INSERT INTO REVIEW (ReviewID, Score, MovieID, CustomerID) VALUES (62, 76, 32, 85);
INSERT INTO REVIEW (ReviewID, Score, MovieID, CustomerID) VALUES (63, 71, 31, 25);
INSERT INTO REVIEW (ReviewID, Score, MovieID, CustomerID) VALUES (64, 27, 70, 38);
INSERT INTO REVIEW (ReviewID, Score, Comments, MovieID, CustomerID) VALUES (65, 64, 'Lorem ipsum dolor sit amet, consectetur adipiscing elit, sed do eiusmod tempor incididunt ut labore et dolore magna aliqua.', 13, 54);
INSERT INTO REVIEW (ReviewID, Score, MovieID, CustomerID) VALUES (66, 0, 31, 98);
INSERT INTO REVIEW (ReviewID, Score, Comments, MovieID, CustomerID) VALUES (67, 84, 'Lorem ipsum dolor sit amet, consectetur adipiscing elit, sed do eiusmod tempor incididunt ut labore et dolore magna aliqua.', 72, 41);
INSERT INTO REVIEW (ReviewID, Score, MovieID, CustomerID) VALUES (68, 53, 23, 3);
INSERT INTO REVIEW (ReviewID, Score, Comments, MovieID, CustomerID) VALUES (69, 78, 'Lorem ipsum dolor sit amet, consectetur adipiscing elit, sed do eiusmod tempor incididunt ut labore et dolore magna aliqua.', 52, 31);
INSERT INTO REVIEW (ReviewID, Score, MovieID, CustomerID) VALUES (70, 40, 52, 38);

INSERT INTO MOVIE_PURCHASED (PurchaseID, MovieID) VALUES (1, 73);
INSERT INTO CUSTOMER_OWNS (CustomerID, MovieID) VALUES (6, 73);
INSERT INTO MOVIE_PURCHASED (PurchaseID, MovieID) VALUES (1, 97);
INSERT INTO CUSTOMER_OWNS (CustomerID, MovieID) VALUES (6, 97);
INSERT INTO MOVIE_PURCHASED (PurchaseID, MovieID) VALUES (2, 9);
INSERT INTO CUSTOMER_OWNS (CustomerID, MovieID) VALUES (54, 9);
INSERT INTO MOVIE_PURCHASED (PurchaseID, MovieID) VALUES (2, 14);
INSERT INTO CUSTOMER_OWNS (CustomerID, MovieID) VALUES (54, 14);
INSERT INTO MOVIE_PURCHASED (PurchaseID, MovieID) VALUES (3, 90);
INSERT INTO CUSTOMER_OWNS (CustomerID, MovieID) VALUES (38, 90);
INSERT INTO MOVIE_PURCHASED (PurchaseID, MovieID) VALUES (3, 74);
INSERT INTO CUSTOMER_OWNS (CustomerID, MovieID) VALUES (38, 74);
INSERT INTO MOVIE_PURCHASED (PurchaseID, MovieID) VALUES (3, 53);
INSERT INTO CUSTOMER_OWNS (CustomerID, MovieID) VALUES (38, 53);
INSERT INTO MOVIE_PURCHASED (PurchaseID, MovieID) VALUES (4, 22);
INSERT INTO CUSTOMER_OWNS (CustomerID, MovieID) VALUES (86, 22);
INSERT INTO MOVIE_PURCHASED (PurchaseID, MovieID) VALUES (5, 77);
INSERT INTO CUSTOMER_OWNS (CustomerID, MovieID) VALUES (59, 77);
INSERT INTO MOVIE_PURCHASED (PurchaseID, MovieID) VALUES (5, 84);
INSERT INTO CUSTOMER_OWNS (CustomerID, MovieID) VALUES (59, 84);
INSERT INTO MOVIE_PURCHASED (PurchaseID, MovieID) VALUES (5, 81);
INSERT INTO CUSTOMER_OWNS (CustomerID, MovieID) VALUES (59, 81);
INSERT INTO MOVIE_PURCHASED (PurchaseID, MovieID) VALUES (6, 98);
INSERT INTO CUSTOMER_OWNS (CustomerID, MovieID) VALUES (77, 98);
INSERT INTO MOVIE_PURCHASED (PurchaseID, MovieID) VALUES (6, 91);
INSERT INTO CUSTOMER_OWNS (CustomerID, MovieID) VALUES (77, 91);
INSERT INTO MOVIE_PURCHASED (PurchaseID, MovieID) VALUES (7, 15);
INSERT INTO CUSTOMER_OWNS (CustomerID, MovieID) VALUES (5, 15);
INSERT INTO MOVIE_PURCHASED (PurchaseID, MovieID) VALUES (7, 76);
INSERT INTO CUSTOMER_OWNS (CustomerID, MovieID) VALUES (5, 76);
INSERT INTO MOVIE_PURCHASED (PurchaseID, MovieID) VALUES (7, 65);
INSERT INTO CUSTOMER_OWNS (CustomerID, MovieID) VALUES (5, 65);
INSERT INTO MOVIE_PURCHASED (PurchaseID, MovieID) VALUES (8, 31);
INSERT INTO CUSTOMER_OWNS (CustomerID, MovieID) VALUES (27, 31);
INSERT INTO MOVIE_PURCHASED (PurchaseID, MovieID) VALUES (8, 50);
INSERT INTO CUSTOMER_OWNS (CustomerID, MovieID) VALUES (27, 50);
INSERT INTO MOVIE_PURCHASED (PurchaseID, MovieID) VALUES (8, 48);
INSERT INTO CUSTOMER_OWNS (CustomerID, MovieID) VALUES (27, 48);
INSERT INTO MOVIE_PURCHASED (PurchaseID, MovieID) VALUES (9, 53);
INSERT INTO CUSTOMER_OWNS (CustomerID, MovieID) VALUES (72, 53);
INSERT INTO MOVIE_PURCHASED (PurchaseID, MovieID) VALUES (10, 70);
INSERT INTO CUSTOMER_OWNS (CustomerID, MovieID) VALUES (22, 70);
INSERT INTO MOVIE_PURCHASED (PurchaseID, MovieID) VALUES (10, 93);
INSERT INTO CUSTOMER_OWNS (CustomerID, MovieID) VALUES (22, 93);
INSERT INTO MOVIE_PURCHASED (PurchaseID, MovieID) VALUES (10, 11);
INSERT INTO CUSTOMER_OWNS (CustomerID, MovieID) VALUES (22, 11);
INSERT INTO MOVIE_PURCHASED (PurchaseID, MovieID) VALUES (11, 56);
INSERT INTO CUSTOMER_OWNS (CustomerID, MovieID) VALUES (34, 56);
INSERT INTO MOVIE_PURCHASED (PurchaseID, MovieID) VALUES (11, 2);
INSERT INTO CUSTOMER_OWNS (CustomerID, MovieID) VALUES (34, 2);
INSERT INTO MOVIE_PURCHASED (PurchaseID, MovieID) VALUES (12, 52);
INSERT INTO CUSTOMER_OWNS (CustomerID, MovieID) VALUES (80, 52);
INSERT INTO MOVIE_PURCHASED (PurchaseID, MovieID) VALUES (13, 56);
INSERT INTO CUSTOMER_OWNS (CustomerID, MovieID) VALUES (14, 56);
INSERT INTO MOVIE_PURCHASED (PurchaseID, MovieID) VALUES (13, 98);
INSERT INTO CUSTOMER_OWNS (CustomerID, MovieID) VALUES (14, 98);
INSERT INTO MOVIE_PURCHASED (PurchaseID, MovieID) VALUES (14, 46);
INSERT INTO CUSTOMER_OWNS (CustomerID, MovieID) VALUES (63, 46);
INSERT INTO MOVIE_PURCHASED (PurchaseID, MovieID) VALUES (14, 24);
INSERT INTO CUSTOMER_OWNS (CustomerID, MovieID) VALUES (63, 24);
INSERT INTO MOVIE_PURCHASED (PurchaseID, MovieID) VALUES (14, 1);
INSERT INTO CUSTOMER_OWNS (CustomerID, MovieID) VALUES (63, 1);
INSERT INTO MOVIE_PURCHASED (PurchaseID, MovieID) VALUES (15, 41);
INSERT INTO CUSTOMER_OWNS (CustomerID, MovieID) VALUES (11, 41);
INSERT INTO MOVIE_PURCHASED (PurchaseID, MovieID) VALUES (15, 58);
INSERT INTO CUSTOMER_OWNS (CustomerID, MovieID) VALUES (11, 58);
INSERT INTO MOVIE_PURCHASED (PurchaseID, MovieID) VALUES (16, 100);
INSERT INTO CUSTOMER_OWNS (CustomerID, MovieID) VALUES (7, 100);
INSERT INTO MOVIE_PURCHASED (PurchaseID, MovieID) VALUES (16, 6);
INSERT INTO CUSTOMER_OWNS (CustomerID, MovieID) VALUES (7, 6);
INSERT INTO MOVIE_PURCHASED (PurchaseID, MovieID) VALUES (16, 82);
INSERT INTO CUSTOMER_OWNS (CustomerID, MovieID) VALUES (7, 82);
INSERT INTO MOVIE_PURCHASED (PurchaseID, MovieID) VALUES (17, 81);
INSERT INTO CUSTOMER_OWNS (CustomerID, MovieID) VALUES (32, 81);
INSERT INTO MOVIE_PURCHASED (PurchaseID, MovieID) VALUES (18, 88);
INSERT INTO CUSTOMER_OWNS (CustomerID, MovieID) VALUES (89, 88);
INSERT INTO MOVIE_PURCHASED (PurchaseID, MovieID) VALUES (19, 86);
INSERT INTO CUSTOMER_OWNS (CustomerID, MovieID) VALUES (25, 86);
INSERT INTO MOVIE_PURCHASED (PurchaseID, MovieID) VALUES (19, 55);
INSERT INTO CUSTOMER_OWNS (CustomerID, MovieID) VALUES (25, 55);
INSERT INTO MOVIE_PURCHASED (PurchaseID, MovieID) VALUES (20, 69);
INSERT INTO CUSTOMER_OWNS (CustomerID, MovieID) VALUES (28, 69);
INSERT INTO MOVIE_PURCHASED (PurchaseID, MovieID) VALUES (20, 4);
INSERT INTO CUSTOMER_OWNS (CustomerID, MovieID) VALUES (28, 4);
INSERT INTO MOVIE_PURCHASED (PurchaseID, MovieID) VALUES (21, 13);
INSERT INTO CUSTOMER_OWNS (CustomerID, MovieID) VALUES (18, 13);
INSERT INTO MOVIE_PURCHASED (PurchaseID, MovieID) VALUES (21, 73);
INSERT INTO CUSTOMER_OWNS (CustomerID, MovieID) VALUES (18, 73);
INSERT INTO MOVIE_PURCHASED (PurchaseID, MovieID) VALUES (21, 57);
INSERT INTO CUSTOMER_OWNS (CustomerID, MovieID) VALUES (18, 57);
INSERT INTO MOVIE_PURCHASED (PurchaseID, MovieID) VALUES (22, 47);
INSERT INTO CUSTOMER_OWNS (CustomerID, MovieID) VALUES (96, 47);
INSERT INTO MOVIE_PURCHASED (PurchaseID, MovieID) VALUES (22, 11);
INSERT INTO CUSTOMER_OWNS (CustomerID, MovieID) VALUES (96, 11);
INSERT INTO MOVIE_PURCHASED (PurchaseID, MovieID) VALUES (23, 63);
INSERT INTO CUSTOMER_OWNS (CustomerID, MovieID) VALUES (58, 63);
INSERT INTO MOVIE_PURCHASED (PurchaseID, MovieID) VALUES (23, 96);
INSERT INTO CUSTOMER_OWNS (CustomerID, MovieID) VALUES (58, 96);
INSERT INTO MOVIE_PURCHASED (PurchaseID, MovieID) VALUES (23, 84);
INSERT INTO CUSTOMER_OWNS (CustomerID, MovieID) VALUES (58, 84);
INSERT INTO MOVIE_PURCHASED (PurchaseID, MovieID) VALUES (24, 83);
INSERT INTO CUSTOMER_OWNS (CustomerID, MovieID) VALUES (28, 83);
INSERT INTO MOVIE_PURCHASED (PurchaseID, MovieID) VALUES (24, 15);
INSERT INTO CUSTOMER_OWNS (CustomerID, MovieID) VALUES (28, 15);
INSERT INTO MOVIE_PURCHASED (PurchaseID, MovieID) VALUES (25, 27);
INSERT INTO CUSTOMER_OWNS (CustomerID, MovieID) VALUES (49, 27);
INSERT INTO MOVIE_PURCHASED (PurchaseID, MovieID) VALUES (25, 80);
INSERT INTO CUSTOMER_OWNS (CustomerID, MovieID) VALUES (49, 80);
INSERT INTO MOVIE_PURCHASED (PurchaseID, MovieID) VALUES (25, 92);
INSERT INTO CUSTOMER_OWNS (CustomerID, MovieID) VALUES (49, 92);
INSERT INTO MOVIE_PURCHASED (PurchaseID, MovieID) VALUES (26, 16);
INSERT INTO CUSTOMER_OWNS (CustomerID, MovieID) VALUES (96, 16);
INSERT INTO MOVIE_PURCHASED (PurchaseID, MovieID) VALUES (26, 72);
INSERT INTO CUSTOMER_OWNS (CustomerID, MovieID) VALUES (96, 72);
INSERT INTO MOVIE_PURCHASED (PurchaseID, MovieID) VALUES (26, 67);
INSERT INTO CUSTOMER_OWNS (CustomerID, MovieID) VALUES (96, 67);
INSERT INTO MOVIE_PURCHASED (PurchaseID, MovieID) VALUES (27, 86);
INSERT INTO CUSTOMER_OWNS (CustomerID, MovieID) VALUES (37, 86);
INSERT INTO MOVIE_PURCHASED (PurchaseID, MovieID) VALUES (27, 21);
INSERT INTO CUSTOMER_OWNS (CustomerID, MovieID) VALUES (37, 21);
INSERT INTO MOVIE_PURCHASED (PurchaseID, MovieID) VALUES (27, 92);
INSERT INTO CUSTOMER_OWNS (CustomerID, MovieID) VALUES (37, 92);
INSERT INTO MOVIE_PURCHASED (PurchaseID, MovieID) VALUES (28, 63);
INSERT INTO CUSTOMER_OWNS (CustomerID, MovieID) VALUES (85, 63);
INSERT INTO MOVIE_PURCHASED (PurchaseID, MovieID) VALUES (28, 3);
INSERT INTO CUSTOMER_OWNS (CustomerID, MovieID) VALUES (85, 3);
INSERT INTO MOVIE_PURCHASED (PurchaseID, MovieID) VALUES (29, 65);
INSERT INTO CUSTOMER_OWNS (CustomerID, MovieID) VALUES (5, 65);
INSERT INTO MOVIE_PURCHASED (PurchaseID, MovieID) VALUES (29, 83);
INSERT INTO CUSTOMER_OWNS (CustomerID, MovieID) VALUES (5, 83);
INSERT INTO MOVIE_PURCHASED (PurchaseID, MovieID) VALUES (29, 97);
INSERT INTO CUSTOMER_OWNS (CustomerID, MovieID) VALUES (5, 97);
INSERT INTO MOVIE_PURCHASED (PurchaseID, MovieID) VALUES (30, 59);
INSERT INTO CUSTOMER_OWNS (CustomerID, MovieID) VALUES (56, 59);
INSERT INTO MOVIE_PURCHASED (PurchaseID, MovieID) VALUES (30, 11);
INSERT INTO CUSTOMER_OWNS (CustomerID, MovieID) VALUES (56, 11);
INSERT INTO MOVIE_PURCHASED (PurchaseID, MovieID) VALUES (30, 30);
INSERT INTO CUSTOMER_OWNS (CustomerID, MovieID) VALUES (56, 30);
INSERT INTO MOVIE_PURCHASED (PurchaseID, MovieID) VALUES (31, 91);
INSERT INTO CUSTOMER_OWNS (CustomerID, MovieID) VALUES (49, 91);
INSERT INTO MOVIE_PURCHASED (PurchaseID, MovieID) VALUES (31, 73);
INSERT INTO CUSTOMER_OWNS (CustomerID, MovieID) VALUES (49, 73);
INSERT INTO MOVIE_PURCHASED (PurchaseID, MovieID) VALUES (31, 45);
INSERT INTO CUSTOMER_OWNS (CustomerID, MovieID) VALUES (49, 45);
INSERT INTO MOVIE_PURCHASED (PurchaseID, MovieID) VALUES (32, 57);
INSERT INTO CUSTOMER_OWNS (CustomerID, MovieID) VALUES (10, 57);
INSERT INTO MOVIE_PURCHASED (PurchaseID, MovieID) VALUES (33, 45);
INSERT INTO CUSTOMER_OWNS (CustomerID, MovieID) VALUES (17, 45);
INSERT INTO MOVIE_PURCHASED (PurchaseID, MovieID) VALUES (34, 82);
INSERT INTO CUSTOMER_OWNS (CustomerID, MovieID) VALUES (4, 82);
INSERT INTO MOVIE_PURCHASED (PurchaseID, MovieID) VALUES (34, 24);
INSERT INTO CUSTOMER_OWNS (CustomerID, MovieID) VALUES (4, 24);
INSERT INTO MOVIE_PURCHASED (PurchaseID, MovieID) VALUES (35, 27);
INSERT INTO CUSTOMER_OWNS (CustomerID, MovieID) VALUES (82, 27);
INSERT INTO MOVIE_PURCHASED (PurchaseID, MovieID) VALUES (36, 39);
INSERT INTO CUSTOMER_OWNS (CustomerID, MovieID) VALUES (99, 39);
INSERT INTO MOVIE_PURCHASED (PurchaseID, MovieID) VALUES (36, 99);
INSERT INTO CUSTOMER_OWNS (CustomerID, MovieID) VALUES (99, 99);
INSERT INTO MOVIE_PURCHASED (PurchaseID, MovieID) VALUES (37, 71);
INSERT INTO CUSTOMER_OWNS (CustomerID, MovieID) VALUES (77, 71);
INSERT INTO MOVIE_PURCHASED (PurchaseID, MovieID) VALUES (37, 81);
INSERT INTO CUSTOMER_OWNS (CustomerID, MovieID) VALUES (77, 81);
INSERT INTO MOVIE_PURCHASED (PurchaseID, MovieID) VALUES (38, 66);
INSERT INTO CUSTOMER_OWNS (CustomerID, MovieID) VALUES (1, 66);
INSERT INTO MOVIE_PURCHASED (PurchaseID, MovieID) VALUES (39, 46);
INSERT INTO CUSTOMER_OWNS (CustomerID, MovieID) VALUES (80, 46);
INSERT INTO MOVIE_PURCHASED (PurchaseID, MovieID) VALUES (39, 19);
INSERT INTO CUSTOMER_OWNS (CustomerID, MovieID) VALUES (80, 19);
INSERT INTO MOVIE_PURCHASED (PurchaseID, MovieID) VALUES (39, 29);
INSERT INTO CUSTOMER_OWNS (CustomerID, MovieID) VALUES (80, 29);
INSERT INTO MOVIE_PURCHASED (PurchaseID, MovieID) VALUES (40, 47);
INSERT INTO CUSTOMER_OWNS (CustomerID, MovieID) VALUES (51, 47);
INSERT INTO MOVIE_PURCHASED (PurchaseID, MovieID) VALUES (40, 24);
INSERT INTO CUSTOMER_OWNS (CustomerID, MovieID) VALUES (51, 24);
INSERT INTO MOVIE_PURCHASED (PurchaseID, MovieID) VALUES (40, 67);
INSERT INTO CUSTOMER_OWNS (CustomerID, MovieID) VALUES (51, 67);
INSERT INTO MOVIE_PURCHASED (PurchaseID, MovieID) VALUES (41, 14);
INSERT INTO CUSTOMER_OWNS (CustomerID, MovieID) VALUES (39, 14);
INSERT INTO MOVIE_PURCHASED (PurchaseID, MovieID) VALUES (41, 13);
INSERT INTO CUSTOMER_OWNS (CustomerID, MovieID) VALUES (39, 13);
INSERT INTO MOVIE_PURCHASED (PurchaseID, MovieID) VALUES (42, 21);
INSERT INTO CUSTOMER_OWNS (CustomerID, MovieID) VALUES (31, 21);
INSERT INTO MOVIE_PURCHASED (PurchaseID, MovieID) VALUES (42, 19);
INSERT INTO CUSTOMER_OWNS (CustomerID, MovieID) VALUES (31, 19);
INSERT INTO MOVIE_PURCHASED (PurchaseID, MovieID) VALUES (42, 86);
INSERT INTO CUSTOMER_OWNS (CustomerID, MovieID) VALUES (31, 86);
INSERT INTO MOVIE_PURCHASED (PurchaseID, MovieID) VALUES (43, 8);
INSERT INTO CUSTOMER_OWNS (CustomerID, MovieID) VALUES (43, 8);
INSERT INTO MOVIE_PURCHASED (PurchaseID, MovieID) VALUES (44, 8);
INSERT INTO CUSTOMER_OWNS (CustomerID, MovieID) VALUES (43, 8);
INSERT INTO MOVIE_PURCHASED (PurchaseID, MovieID) VALUES (45, 71);
INSERT INTO CUSTOMER_OWNS (CustomerID, MovieID) VALUES (4, 71);
INSERT INTO MOVIE_PURCHASED (PurchaseID, MovieID) VALUES (46, 58);
INSERT INTO CUSTOMER_OWNS (CustomerID, MovieID) VALUES (23, 58);
INSERT INTO MOVIE_PURCHASED (PurchaseID, MovieID) VALUES (46, 32);
INSERT INTO CUSTOMER_OWNS (CustomerID, MovieID) VALUES (23, 32);
INSERT INTO MOVIE_PURCHASED (PurchaseID, MovieID) VALUES (46, 96);
INSERT INTO CUSTOMER_OWNS (CustomerID, MovieID) VALUES (23, 96);
INSERT INTO MOVIE_PURCHASED (PurchaseID, MovieID) VALUES (47, 52);
INSERT INTO CUSTOMER_OWNS (CustomerID, MovieID) VALUES (18, 52);
INSERT INTO MOVIE_PURCHASED (PurchaseID, MovieID) VALUES (47, 24);
INSERT INTO CUSTOMER_OWNS (CustomerID, MovieID) VALUES (18, 24);
INSERT INTO MOVIE_PURCHASED (PurchaseID, MovieID) VALUES (47, 16);
INSERT INTO CUSTOMER_OWNS (CustomerID, MovieID) VALUES (18, 16);
INSERT INTO MOVIE_PURCHASED (PurchaseID, MovieID) VALUES (48, 41);
INSERT INTO CUSTOMER_OWNS (CustomerID, MovieID) VALUES (49, 41);
INSERT INTO MOVIE_PURCHASED (PurchaseID, MovieID) VALUES (49, 63);
INSERT INTO CUSTOMER_OWNS (CustomerID, MovieID) VALUES (57, 63);
INSERT INTO MOVIE_PURCHASED (PurchaseID, MovieID) VALUES (49, 94);
INSERT INTO CUSTOMER_OWNS (CustomerID, MovieID) VALUES (57, 94);
INSERT INTO MOVIE_PURCHASED (PurchaseID, MovieID) VALUES (50, 34);
INSERT INTO CUSTOMER_OWNS (CustomerID, MovieID) VALUES (23, 34);
INSERT INTO MOVIE_PURCHASED (PurchaseID, MovieID) VALUES (50, 55);
INSERT INTO CUSTOMER_OWNS (CustomerID, MovieID) VALUES (23, 55);
INSERT INTO MOVIE_PURCHASED (PurchaseID, MovieID) VALUES (50, 74);
INSERT INTO CUSTOMER_OWNS (CustomerID, MovieID) VALUES (23, 74);
INSERT INTO MOVIE_PURCHASED (PurchaseID, MovieID) VALUES (51, 44);
INSERT INTO CUSTOMER_OWNS (CustomerID, MovieID) VALUES (12, 44);
INSERT INTO MOVIE_PURCHASED (PurchaseID, MovieID) VALUES (51, 37);
INSERT INTO CUSTOMER_OWNS (CustomerID, MovieID) VALUES (12, 37);
INSERT INTO MOVIE_PURCHASED (PurchaseID, MovieID) VALUES (51, 6);
INSERT INTO CUSTOMER_OWNS (CustomerID, MovieID) VALUES (12, 6);
INSERT INTO MOVIE_PURCHASED (PurchaseID, MovieID) VALUES (52, 22);
INSERT INTO CUSTOMER_OWNS (CustomerID, MovieID) VALUES (89, 22);
INSERT INTO MOVIE_PURCHASED (PurchaseID, MovieID) VALUES (52, 61);
INSERT INTO CUSTOMER_OWNS (CustomerID, MovieID) VALUES (89, 61);
INSERT INTO MOVIE_PURCHASED (PurchaseID, MovieID) VALUES (52, 71);
INSERT INTO CUSTOMER_OWNS (CustomerID, MovieID) VALUES (89, 71);
INSERT INTO MOVIE_PURCHASED (PurchaseID, MovieID) VALUES (53, 73);
INSERT INTO CUSTOMER_OWNS (CustomerID, MovieID) VALUES (49, 73);
INSERT INTO MOVIE_PURCHASED (PurchaseID, MovieID) VALUES (53, 99);
INSERT INTO CUSTOMER_OWNS (CustomerID, MovieID) VALUES (49, 99);
INSERT INTO MOVIE_PURCHASED (PurchaseID, MovieID) VALUES (54, 55);
INSERT INTO CUSTOMER_OWNS (CustomerID, MovieID) VALUES (75, 55);
INSERT INTO MOVIE_PURCHASED (PurchaseID, MovieID) VALUES (54, 21);
INSERT INTO CUSTOMER_OWNS (CustomerID, MovieID) VALUES (75, 21);
INSERT INTO MOVIE_PURCHASED (PurchaseID, MovieID) VALUES (55, 53);
INSERT INTO CUSTOMER_OWNS (CustomerID, MovieID) VALUES (77, 53);
INSERT INTO MOVIE_PURCHASED (PurchaseID, MovieID) VALUES (56, 48);
INSERT INTO CUSTOMER_OWNS (CustomerID, MovieID) VALUES (81, 48);
INSERT INTO MOVIE_PURCHASED (PurchaseID, MovieID) VALUES (57, 71);
INSERT INTO CUSTOMER_OWNS (CustomerID, MovieID) VALUES (73, 71);
INSERT INTO MOVIE_PURCHASED (PurchaseID, MovieID) VALUES (57, 41);
INSERT INTO CUSTOMER_OWNS (CustomerID, MovieID) VALUES (73, 41);
INSERT INTO MOVIE_PURCHASED (PurchaseID, MovieID) VALUES (57, 31);
INSERT INTO CUSTOMER_OWNS (CustomerID, MovieID) VALUES (73, 31);
INSERT INTO MOVIE_PURCHASED (PurchaseID, MovieID) VALUES (58, 56);
INSERT INTO CUSTOMER_OWNS (CustomerID, MovieID) VALUES (64, 56);
INSERT INTO MOVIE_PURCHASED (PurchaseID, MovieID) VALUES (59, 5);
INSERT INTO CUSTOMER_OWNS (CustomerID, MovieID) VALUES (20, 5);
INSERT INTO MOVIE_PURCHASED (PurchaseID, MovieID) VALUES (59, 15);
INSERT INTO CUSTOMER_OWNS (CustomerID, MovieID) VALUES (20, 15);
INSERT INTO MOVIE_PURCHASED (PurchaseID, MovieID) VALUES (59, 68);
INSERT INTO CUSTOMER_OWNS (CustomerID, MovieID) VALUES (20, 68);
INSERT INTO MOVIE_PURCHASED (PurchaseID, MovieID) VALUES (60, 33);
INSERT INTO CUSTOMER_OWNS (CustomerID, MovieID) VALUES (10, 33);
INSERT INTO MOVIE_PURCHASED (PurchaseID, MovieID) VALUES (60, 57);
INSERT INTO CUSTOMER_OWNS (CustomerID, MovieID) VALUES (10, 57);
INSERT INTO MOVIE_PURCHASED (PurchaseID, MovieID) VALUES (61, 26);
INSERT INTO CUSTOMER_OWNS (CustomerID, MovieID) VALUES (1, 26);
INSERT INTO MOVIE_PURCHASED (PurchaseID, MovieID) VALUES (61, 50);
INSERT INTO CUSTOMER_OWNS (CustomerID, MovieID) VALUES (1, 50);
INSERT INTO MOVIE_PURCHASED (PurchaseID, MovieID) VALUES (62, 90);
INSERT INTO CUSTOMER_OWNS (CustomerID, MovieID) VALUES (35, 90);
INSERT INTO MOVIE_PURCHASED (PurchaseID, MovieID) VALUES (62, 23);
INSERT INTO CUSTOMER_OWNS (CustomerID, MovieID) VALUES (35, 23);
INSERT INTO MOVIE_PURCHASED (PurchaseID, MovieID) VALUES (63, 4);
INSERT INTO CUSTOMER_OWNS (CustomerID, MovieID) VALUES (42, 4);
INSERT INTO MOVIE_PURCHASED (PurchaseID, MovieID) VALUES (64, 69);
INSERT INTO MOVIE_PURCHASED (PurchaseID, MovieID) VALUES (64, 65);
INSERT INTO MOVIE_PURCHASED (PurchaseID, MovieID) VALUES (65, 12);
INSERT INTO CUSTOMER_OWNS (CustomerID, MovieID) VALUES (78, 12);
INSERT INTO MOVIE_PURCHASED (PurchaseID, MovieID) VALUES (65, 67);
INSERT INTO CUSTOMER_OWNS (CustomerID, MovieID) VALUES (78, 67);
INSERT INTO MOVIE_PURCHASED (PurchaseID, MovieID) VALUES (66, 77);
INSERT INTO CUSTOMER_OWNS (CustomerID, MovieID) VALUES (96, 77);
INSERT INTO MOVIE_PURCHASED (PurchaseID, MovieID) VALUES (67, 20);
INSERT INTO CUSTOMER_OWNS (CustomerID, MovieID) VALUES (83, 20);
INSERT INTO MOVIE_PURCHASED (PurchaseID, MovieID) VALUES (67, 48);
INSERT INTO CUSTOMER_OWNS (CustomerID, MovieID) VALUES (83, 48);
INSERT INTO MOVIE_PURCHASED (PurchaseID, MovieID) VALUES (67, 39);
INSERT INTO CUSTOMER_OWNS (CustomerID, MovieID) VALUES (83, 39);
INSERT INTO MOVIE_PURCHASED (PurchaseID, MovieID) VALUES (68, 36);
INSERT INTO MOVIE_PURCHASED (PurchaseID, MovieID) VALUES (68, 14);
INSERT INTO MOVIE_PURCHASED (PurchaseID, MovieID) VALUES (69, 73);
INSERT INTO CUSTOMER_OWNS (CustomerID, MovieID) VALUES (33, 73);
INSERT INTO MOVIE_PURCHASED (PurchaseID, MovieID) VALUES (69, 8);
INSERT INTO CUSTOMER_OWNS (CustomerID, MovieID) VALUES (33, 8);
INSERT INTO MOVIE_PURCHASED (PurchaseID, MovieID) VALUES (69, 22);
INSERT INTO CUSTOMER_OWNS (CustomerID, MovieID) VALUES (33, 22);
INSERT INTO MOVIE_PURCHASED (PurchaseID, MovieID) VALUES (70, 40);
INSERT INTO CUSTOMER_OWNS (CustomerID, MovieID) VALUES (88, 40);
INSERT INTO MOVIE_PURCHASED (PurchaseID, MovieID) VALUES (71, 79);
INSERT INTO CUSTOMER_OWNS (CustomerID, MovieID) VALUES (63, 79);
INSERT INTO MOVIE_PURCHASED (PurchaseID, MovieID) VALUES (72, 45);
INSERT INTO CUSTOMER_OWNS (CustomerID, MovieID) VALUES (31, 45);
INSERT INTO MOVIE_PURCHASED (PurchaseID, MovieID) VALUES (72, 40);
INSERT INTO CUSTOMER_OWNS (CustomerID, MovieID) VALUES (31, 40);
INSERT INTO MOVIE_PURCHASED (PurchaseID, MovieID) VALUES (72, 86);
INSERT INTO CUSTOMER_OWNS (CustomerID, MovieID) VALUES (31, 86);
INSERT INTO MOVIE_PURCHASED (PurchaseID, MovieID) VALUES (73, 90);
INSERT INTO CUSTOMER_OWNS (CustomerID, MovieID) VALUES (100, 90);
INSERT INTO MOVIE_PURCHASED (PurchaseID, MovieID) VALUES (73, 36);
INSERT INTO CUSTOMER_OWNS (CustomerID, MovieID) VALUES (100, 36);
INSERT INTO MOVIE_PURCHASED (PurchaseID, MovieID) VALUES (73, 89);
INSERT INTO CUSTOMER_OWNS (CustomerID, MovieID) VALUES (100, 89);
INSERT INTO MOVIE_PURCHASED (PurchaseID, MovieID) VALUES (74, 83);
INSERT INTO CUSTOMER_OWNS (CustomerID, MovieID) VALUES (4, 83);
INSERT INTO MOVIE_PURCHASED (PurchaseID, MovieID) VALUES (75, 29);
INSERT INTO CUSTOMER_OWNS (CustomerID, MovieID) VALUES (77, 29);
INSERT INTO MOVIE_PURCHASED (PurchaseID, MovieID) VALUES (75, 33);
INSERT INTO CUSTOMER_OWNS (CustomerID, MovieID) VALUES (77, 33);
INSERT INTO MOVIE_PURCHASED (PurchaseID, MovieID) VALUES (76, 52);
INSERT INTO CUSTOMER_OWNS (CustomerID, MovieID) VALUES (1, 52);
INSERT INTO MOVIE_PURCHASED (PurchaseID, MovieID) VALUES (76, 51);
INSERT INTO CUSTOMER_OWNS (CustomerID, MovieID) VALUES (1, 51);
INSERT INTO MOVIE_PURCHASED (PurchaseID, MovieID) VALUES (77, 67);
INSERT INTO CUSTOMER_OWNS (CustomerID, MovieID) VALUES (70, 67);
INSERT INTO MOVIE_PURCHASED (PurchaseID, MovieID) VALUES (78, 12);
INSERT INTO CUSTOMER_OWNS (CustomerID, MovieID) VALUES (22, 12);
INSERT INTO MOVIE_PURCHASED (PurchaseID, MovieID) VALUES (78, 10);
INSERT INTO CUSTOMER_OWNS (CustomerID, MovieID) VALUES (22, 10);
INSERT INTO MOVIE_PURCHASED (PurchaseID, MovieID) VALUES (79, 98);
INSERT INTO CUSTOMER_OWNS (CustomerID, MovieID) VALUES (22, 98);
INSERT INTO MOVIE_PURCHASED (PurchaseID, MovieID) VALUES (79, 85);
INSERT INTO CUSTOMER_OWNS (CustomerID, MovieID) VALUES (22, 85);
INSERT INTO MOVIE_PURCHASED (PurchaseID, MovieID) VALUES (80, 76);
INSERT INTO CUSTOMER_OWNS (CustomerID, MovieID) VALUES (43, 76);
INSERT INTO MOVIE_PURCHASED (PurchaseID, MovieID) VALUES (81, 6);
INSERT INTO CUSTOMER_OWNS (CustomerID, MovieID) VALUES (86, 6);
INSERT INTO MOVIE_PURCHASED (PurchaseID, MovieID) VALUES (82, 55);
INSERT INTO CUSTOMER_OWNS (CustomerID, MovieID) VALUES (73, 55);
INSERT INTO MOVIE_PURCHASED (PurchaseID, MovieID) VALUES (82, 32);
INSERT INTO CUSTOMER_OWNS (CustomerID, MovieID) VALUES (73, 32);
INSERT INTO MOVIE_PURCHASED (PurchaseID, MovieID) VALUES (83, 33);
INSERT INTO CUSTOMER_OWNS (CustomerID, MovieID) VALUES (20, 33);
INSERT INTO MOVIE_PURCHASED (PurchaseID, MovieID) VALUES (84, 6);
INSERT INTO CUSTOMER_OWNS (CustomerID, MovieID) VALUES (3, 6);
INSERT INTO MOVIE_PURCHASED (PurchaseID, MovieID) VALUES (85, 97);
INSERT INTO CUSTOMER_OWNS (CustomerID, MovieID) VALUES (92, 97);
INSERT INTO MOVIE_PURCHASED (PurchaseID, MovieID) VALUES (85, 56);
INSERT INTO CUSTOMER_OWNS (CustomerID, MovieID) VALUES (92, 56);
INSERT INTO MOVIE_PURCHASED (PurchaseID, MovieID) VALUES (86, 38);
INSERT INTO CUSTOMER_OWNS (CustomerID, MovieID) VALUES (53, 38);
INSERT INTO MOVIE_PURCHASED (PurchaseID, MovieID) VALUES (87, 90);
INSERT INTO CUSTOMER_OWNS (CustomerID, MovieID) VALUES (6, 90);
INSERT INTO MOVIE_PURCHASED (PurchaseID, MovieID) VALUES (88, 94);
INSERT INTO CUSTOMER_OWNS (CustomerID, MovieID) VALUES (37, 94);
INSERT INTO MOVIE_PURCHASED (PurchaseID, MovieID) VALUES (89, 37);
INSERT INTO CUSTOMER_OWNS (CustomerID, MovieID) VALUES (97, 37);
INSERT INTO MOVIE_PURCHASED (PurchaseID, MovieID) VALUES (90, 32);
INSERT INTO CUSTOMER_OWNS (CustomerID, MovieID) VALUES (43, 32);
INSERT INTO MOVIE_PURCHASED (PurchaseID, MovieID) VALUES (90, 59);
INSERT INTO CUSTOMER_OWNS (CustomerID, MovieID) VALUES (43, 59);
INSERT INTO MOVIE_PURCHASED (PurchaseID, MovieID) VALUES (90, 57);
INSERT INTO CUSTOMER_OWNS (CustomerID, MovieID) VALUES (43, 57);
INSERT INTO MOVIE_PURCHASED (PurchaseID, MovieID) VALUES (91, 62);
INSERT INTO CUSTOMER_OWNS (CustomerID, MovieID) VALUES (30, 62);
INSERT INTO MOVIE_PURCHASED (PurchaseID, MovieID) VALUES (91, 6);
INSERT INTO CUSTOMER_OWNS (CustomerID, MovieID) VALUES (30, 6);
INSERT INTO MOVIE_PURCHASED (PurchaseID, MovieID) VALUES (92, 21);
INSERT INTO CUSTOMER_OWNS (CustomerID, MovieID) VALUES (92, 21);
INSERT INTO MOVIE_PURCHASED (PurchaseID, MovieID) VALUES (92, 39);
INSERT INTO CUSTOMER_OWNS (CustomerID, MovieID) VALUES (92, 39);
INSERT INTO MOVIE_PURCHASED (PurchaseID, MovieID) VALUES (92, 6);
INSERT INTO CUSTOMER_OWNS (CustomerID, MovieID) VALUES (92, 6);
INSERT INTO MOVIE_PURCHASED (PurchaseID, MovieID) VALUES (93, 71);
INSERT INTO CUSTOMER_OWNS (CustomerID, MovieID) VALUES (24, 71);
INSERT INTO MOVIE_PURCHASED (PurchaseID, MovieID) VALUES (93, 68);
INSERT INTO CUSTOMER_OWNS (CustomerID, MovieID) VALUES (24, 68);
INSERT INTO MOVIE_PURCHASED (PurchaseID, MovieID) VALUES (93, 82);
INSERT INTO CUSTOMER_OWNS (CustomerID, MovieID) VALUES (24, 82);
INSERT INTO MOVIE_PURCHASED (PurchaseID, MovieID) VALUES (94, 48);
INSERT INTO CUSTOMER_OWNS (CustomerID, MovieID) VALUES (70, 48);
INSERT INTO MOVIE_PURCHASED (PurchaseID, MovieID) VALUES (95, 42);
INSERT INTO CUSTOMER_OWNS (CustomerID, MovieID) VALUES (2, 42);
INSERT INTO MOVIE_PURCHASED (PurchaseID, MovieID) VALUES (96, 55);
INSERT INTO CUSTOMER_OWNS (CustomerID, MovieID) VALUES (65, 55);
INSERT INTO MOVIE_PURCHASED (PurchaseID, MovieID) VALUES (97, 93);
INSERT INTO CUSTOMER_OWNS (CustomerID, MovieID) VALUES (81, 93);
INSERT INTO MOVIE_PURCHASED (PurchaseID, MovieID) VALUES (97, 63);
INSERT INTO CUSTOMER_OWNS (CustomerID, MovieID) VALUES (81, 63);
INSERT INTO MOVIE_PURCHASED (PurchaseID, MovieID) VALUES (97, 14);
INSERT INTO CUSTOMER_OWNS (CustomerID, MovieID) VALUES (81, 14);
INSERT INTO MOVIE_PURCHASED (PurchaseID, MovieID) VALUES (98, 25);
INSERT INTO CUSTOMER_OWNS (CustomerID, MovieID) VALUES (97, 25);
INSERT INTO MOVIE_PURCHASED (PurchaseID, MovieID) VALUES (98, 21);
INSERT INTO CUSTOMER_OWNS (CustomerID, MovieID) VALUES (97, 21);
INSERT INTO MOVIE_PURCHASED (PurchaseID, MovieID) VALUES (98, 8);
INSERT INTO CUSTOMER_OWNS (CustomerID, MovieID) VALUES (97, 8);
INSERT INTO MOVIE_PURCHASED (PurchaseID, MovieID) VALUES (99, 64);
INSERT INTO CUSTOMER_OWNS (CustomerID, MovieID) VALUES (97, 64);
INSERT INTO MOVIE_PURCHASED (PurchaseID, MovieID) VALUES (99, 2);
INSERT INTO CUSTOMER_OWNS (CustomerID, MovieID) VALUES (97, 2);
INSERT INTO MOVIE_PURCHASED (PurchaseID, MovieID) VALUES (100, 84);
INSERT INTO CUSTOMER_OWNS (CustomerID, MovieID) VALUES (78, 84);
INSERT INTO MOVIE_PURCHASED (PurchaseID, MovieID) VALUES (100, 32);
INSERT INTO CUSTOMER_OWNS (CustomerID, MovieID) VALUES (78, 32);
INSERT INTO MOVIE_PURCHASED (PurchaseID, MovieID) VALUES (100, 33);
INSERT INTO CUSTOMER_OWNS (CustomerID, MovieID) VALUES (78, 33);
INSERT INTO MOVIE_PURCHASED (PurchaseID, MovieID) VALUES (101, 78);
INSERT INTO CUSTOMER_OWNS (CustomerID, MovieID) VALUES (37, 78);
INSERT INTO MOVIE_PURCHASED (PurchaseID, MovieID) VALUES (102, 81);
INSERT INTO CUSTOMER_OWNS (CustomerID, MovieID) VALUES (46, 81);
INSERT INTO MOVIE_PURCHASED (PurchaseID, MovieID) VALUES (102, 58);
INSERT INTO CUSTOMER_OWNS (CustomerID, MovieID) VALUES (46, 58);
INSERT INTO MOVIE_PURCHASED (PurchaseID, MovieID) VALUES (102, 7);
INSERT INTO CUSTOMER_OWNS (CustomerID, MovieID) VALUES (46, 7);
INSERT INTO MOVIE_PURCHASED (PurchaseID, MovieID) VALUES (103, 37);
INSERT INTO CUSTOMER_OWNS (CustomerID, MovieID) VALUES (79, 37);
INSERT INTO MOVIE_PURCHASED (PurchaseID, MovieID) VALUES (103, 11);
INSERT INTO CUSTOMER_OWNS (CustomerID, MovieID) VALUES (79, 11);
INSERT INTO MOVIE_PURCHASED (PurchaseID, MovieID) VALUES (103, 66);
INSERT INTO CUSTOMER_OWNS (CustomerID, MovieID) VALUES (79, 66);
INSERT INTO MOVIE_PURCHASED (PurchaseID, MovieID) VALUES (104, 13);
INSERT INTO CUSTOMER_OWNS (CustomerID, MovieID) VALUES (7, 13);
INSERT INTO MOVIE_PURCHASED (PurchaseID, MovieID) VALUES (104, 60);
INSERT INTO CUSTOMER_OWNS (CustomerID, MovieID) VALUES (7, 60);
INSERT INTO MOVIE_PURCHASED (PurchaseID, MovieID) VALUES (104, 58);
INSERT INTO CUSTOMER_OWNS (CustomerID, MovieID) VALUES (7, 58);
INSERT INTO MOVIE_PURCHASED (PurchaseID, MovieID) VALUES (105, 97);
INSERT INTO CUSTOMER_OWNS (CustomerID, MovieID) VALUES (74, 97);
INSERT INTO MOVIE_PURCHASED (PurchaseID, MovieID) VALUES (106, 65);
INSERT INTO CUSTOMER_OWNS (CustomerID, MovieID) VALUES (85, 65);
INSERT INTO MOVIE_PURCHASED (PurchaseID, MovieID) VALUES (107, 45);
INSERT INTO CUSTOMER_OWNS (CustomerID, MovieID) VALUES (46, 45);
INSERT INTO MOVIE_PURCHASED (PurchaseID, MovieID) VALUES (107, 41);
INSERT INTO CUSTOMER_OWNS (CustomerID, MovieID) VALUES (46, 41);
INSERT INTO MOVIE_PURCHASED (PurchaseID, MovieID) VALUES (108, 65);
INSERT INTO CUSTOMER_OWNS (CustomerID, MovieID) VALUES (53, 65);
INSERT INTO MOVIE_PURCHASED (PurchaseID, MovieID) VALUES (109, 28);
INSERT INTO CUSTOMER_OWNS (CustomerID, MovieID) VALUES (48, 28);
INSERT INTO MOVIE_PURCHASED (PurchaseID, MovieID) VALUES (109, 67);
INSERT INTO CUSTOMER_OWNS (CustomerID, MovieID) VALUES (48, 67);
INSERT INTO MOVIE_PURCHASED (PurchaseID, MovieID) VALUES (109, 40);
INSERT INTO CUSTOMER_OWNS (CustomerID, MovieID) VALUES (48, 40);
INSERT INTO MOVIE_PURCHASED (PurchaseID, MovieID) VALUES (110, 35);
INSERT INTO CUSTOMER_OWNS (CustomerID, MovieID) VALUES (96, 35);
INSERT INTO MOVIE_PURCHASED (PurchaseID, MovieID) VALUES (111, 54);
INSERT INTO CUSTOMER_OWNS (CustomerID, MovieID) VALUES (82, 54);
INSERT INTO MOVIE_PURCHASED (PurchaseID, MovieID) VALUES (112, 10);
INSERT INTO CUSTOMER_OWNS (CustomerID, MovieID) VALUES (52, 10);
INSERT INTO MOVIE_PURCHASED (PurchaseID, MovieID) VALUES (112, 54);
INSERT INTO CUSTOMER_OWNS (CustomerID, MovieID) VALUES (52, 54);
INSERT INTO MOVIE_PURCHASED (PurchaseID, MovieID) VALUES (113, 66);
INSERT INTO CUSTOMER_OWNS (CustomerID, MovieID) VALUES (51, 66);
INSERT INTO MOVIE_PURCHASED (PurchaseID, MovieID) VALUES (113, 20);
INSERT INTO CUSTOMER_OWNS (CustomerID, MovieID) VALUES (51, 20);
INSERT INTO MOVIE_PURCHASED (PurchaseID, MovieID) VALUES (114, 6);
INSERT INTO CUSTOMER_OWNS (CustomerID, MovieID) VALUES (14, 6);
INSERT INTO MOVIE_PURCHASED (PurchaseID, MovieID) VALUES (114, 20);
INSERT INTO CUSTOMER_OWNS (CustomerID, MovieID) VALUES (14, 20);
INSERT INTO MOVIE_PURCHASED (PurchaseID, MovieID) VALUES (114, 93);
INSERT INTO CUSTOMER_OWNS (CustomerID, MovieID) VALUES (14, 93);
INSERT INTO MOVIE_PURCHASED (PurchaseID, MovieID) VALUES (115, 78);
INSERT INTO CUSTOMER_OWNS (CustomerID, MovieID) VALUES (81, 78);
INSERT INTO MOVIE_PURCHASED (PurchaseID, MovieID) VALUES (116, 23);
INSERT INTO CUSTOMER_OWNS (CustomerID, MovieID) VALUES (18, 23);
INSERT INTO MOVIE_PURCHASED (PurchaseID, MovieID) VALUES (117, 94);
INSERT INTO CUSTOMER_OWNS (CustomerID, MovieID) VALUES (83, 94);
INSERT INTO MOVIE_PURCHASED (PurchaseID, MovieID) VALUES (117, 97);
INSERT INTO CUSTOMER_OWNS (CustomerID, MovieID) VALUES (83, 97);
INSERT INTO MOVIE_PURCHASED (PurchaseID, MovieID) VALUES (118, 4);
INSERT INTO CUSTOMER_OWNS (CustomerID, MovieID) VALUES (19, 4);
INSERT INTO MOVIE_PURCHASED (PurchaseID, MovieID) VALUES (118, 27);
INSERT INTO CUSTOMER_OWNS (CustomerID, MovieID) VALUES (19, 27);
INSERT INTO MOVIE_PURCHASED (PurchaseID, MovieID) VALUES (118, 12);
INSERT INTO CUSTOMER_OWNS (CustomerID, MovieID) VALUES (19, 12);
INSERT INTO MOVIE_PURCHASED (PurchaseID, MovieID) VALUES (119, 63);
INSERT INTO CUSTOMER_OWNS (CustomerID, MovieID) VALUES (60, 63);
INSERT INTO MOVIE_PURCHASED (PurchaseID, MovieID) VALUES (120, 6);
INSERT INTO CUSTOMER_OWNS (CustomerID, MovieID) VALUES (98, 6);
INSERT INTO MOVIE_PURCHASED (PurchaseID, MovieID) VALUES (120, 81);
INSERT INTO CUSTOMER_OWNS (CustomerID, MovieID) VALUES (98, 81);
INSERT INTO MOVIE_PURCHASED (PurchaseID, MovieID) VALUES (121, 22);
INSERT INTO CUSTOMER_OWNS (CustomerID, MovieID) VALUES (23, 22);
INSERT INTO MOVIE_PURCHASED (PurchaseID, MovieID) VALUES (121, 12);
INSERT INTO CUSTOMER_OWNS (CustomerID, MovieID) VALUES (23, 12);
INSERT INTO MOVIE_PURCHASED (PurchaseID, MovieID) VALUES (121, 18);
INSERT INTO CUSTOMER_OWNS (CustomerID, MovieID) VALUES (23, 18);
INSERT INTO MOVIE_PURCHASED (PurchaseID, MovieID) VALUES (122, 83);
INSERT INTO CUSTOMER_OWNS (CustomerID, MovieID) VALUES (58, 83);
INSERT INTO MOVIE_PURCHASED (PurchaseID, MovieID) VALUES (122, 62);
INSERT INTO CUSTOMER_OWNS (CustomerID, MovieID) VALUES (58, 62);
INSERT INTO MOVIE_PURCHASED (PurchaseID, MovieID) VALUES (123, 86);
INSERT INTO CUSTOMER_OWNS (CustomerID, MovieID) VALUES (26, 86);
INSERT INTO MOVIE_PURCHASED (PurchaseID, MovieID) VALUES (123, 68);
INSERT INTO CUSTOMER_OWNS (CustomerID, MovieID) VALUES (26, 68);
INSERT INTO MOVIE_PURCHASED (PurchaseID, MovieID) VALUES (123, 44);
INSERT INTO CUSTOMER_OWNS (CustomerID, MovieID) VALUES (26, 44);
INSERT INTO MOVIE_PURCHASED (PurchaseID, MovieID) VALUES (124, 20);
INSERT INTO CUSTOMER_OWNS (CustomerID, MovieID) VALUES (1, 20);
INSERT INTO MOVIE_PURCHASED (PurchaseID, MovieID) VALUES (125, 24);
INSERT INTO CUSTOMER_OWNS (CustomerID, MovieID) VALUES (3, 24);
INSERT INTO MOVIE_PURCHASED (PurchaseID, MovieID) VALUES (126, 6);
INSERT INTO CUSTOMER_OWNS (CustomerID, MovieID) VALUES (63, 6);
INSERT INTO MOVIE_PURCHASED (PurchaseID, MovieID) VALUES (126, 16);
INSERT INTO CUSTOMER_OWNS (CustomerID, MovieID) VALUES (63, 16);
INSERT INTO MOVIE_PURCHASED (PurchaseID, MovieID) VALUES (126, 25);
INSERT INTO CUSTOMER_OWNS (CustomerID, MovieID) VALUES (63, 25);
INSERT INTO MOVIE_PURCHASED (PurchaseID, MovieID) VALUES (127, 47);
INSERT INTO CUSTOMER_OWNS (CustomerID, MovieID) VALUES (33, 47);
INSERT INTO MOVIE_PURCHASED (PurchaseID, MovieID) VALUES (127, 90);
INSERT INTO CUSTOMER_OWNS (CustomerID, MovieID) VALUES (33, 90);
INSERT INTO MOVIE_PURCHASED (PurchaseID, MovieID) VALUES (127, 45);
INSERT INTO CUSTOMER_OWNS (CustomerID, MovieID) VALUES (33, 45);
INSERT INTO MOVIE_PURCHASED (PurchaseID, MovieID) VALUES (128, 10);
INSERT INTO CUSTOMER_OWNS (CustomerID, MovieID) VALUES (46, 10);
INSERT INTO MOVIE_PURCHASED (PurchaseID, MovieID) VALUES (129, 58);
INSERT INTO CUSTOMER_OWNS (CustomerID, MovieID) VALUES (99, 58);
INSERT INTO MOVIE_PURCHASED (PurchaseID, MovieID) VALUES (129, 35);
INSERT INTO CUSTOMER_OWNS (CustomerID, MovieID) VALUES (99, 35);
INSERT INTO MOVIE_PURCHASED (PurchaseID, MovieID) VALUES (130, 87);
INSERT INTO CUSTOMER_OWNS (CustomerID, MovieID) VALUES (25, 87);
INSERT INTO MOVIE_PURCHASED (PurchaseID, MovieID) VALUES (130, 95);
INSERT INTO CUSTOMER_OWNS (CustomerID, MovieID) VALUES (25, 95);
INSERT INTO MOVIE_PURCHASED (PurchaseID, MovieID) VALUES (131, 41);
INSERT INTO CUSTOMER_OWNS (CustomerID, MovieID) VALUES (30, 41);
INSERT INTO MOVIE_PURCHASED (PurchaseID, MovieID) VALUES (132, 80);
INSERT INTO CUSTOMER_OWNS (CustomerID, MovieID) VALUES (66, 80);
INSERT INTO MOVIE_PURCHASED (PurchaseID, MovieID) VALUES (132, 100);
INSERT INTO CUSTOMER_OWNS (CustomerID, MovieID) VALUES (66, 100);
INSERT INTO MOVIE_PURCHASED (PurchaseID, MovieID) VALUES (132, 3);
INSERT INTO CUSTOMER_OWNS (CustomerID, MovieID) VALUES (66, 3);
INSERT INTO MOVIE_PURCHASED (PurchaseID, MovieID) VALUES (133, 70);
INSERT INTO CUSTOMER_OWNS (CustomerID, MovieID) VALUES (7, 70);
INSERT INTO MOVIE_PURCHASED (PurchaseID, MovieID) VALUES (133, 8);
INSERT INTO CUSTOMER_OWNS (CustomerID, MovieID) VALUES (7, 8);
INSERT INTO MOVIE_PURCHASED (PurchaseID, MovieID) VALUES (133, 68);
INSERT INTO CUSTOMER_OWNS (CustomerID, MovieID) VALUES (7, 68);
INSERT INTO MOVIE_PURCHASED (PurchaseID, MovieID) VALUES (134, 43);
INSERT INTO CUSTOMER_OWNS (CustomerID, MovieID) VALUES (19, 43);
INSERT INTO MOVIE_PURCHASED (PurchaseID, MovieID) VALUES (135, 43);
INSERT INTO CUSTOMER_OWNS (CustomerID, MovieID) VALUES (57, 43);
INSERT INTO MOVIE_PURCHASED (PurchaseID, MovieID) VALUES (135, 30);
INSERT INTO CUSTOMER_OWNS (CustomerID, MovieID) VALUES (57, 30);
INSERT INTO MOVIE_PURCHASED (PurchaseID, MovieID) VALUES (136, 94);
INSERT INTO CUSTOMER_OWNS (CustomerID, MovieID) VALUES (13, 94);
INSERT INTO MOVIE_PURCHASED (PurchaseID, MovieID) VALUES (137, 84);
INSERT INTO CUSTOMER_OWNS (CustomerID, MovieID) VALUES (52, 84);
INSERT INTO MOVIE_PURCHASED (PurchaseID, MovieID) VALUES (137, 59);
INSERT INTO CUSTOMER_OWNS (CustomerID, MovieID) VALUES (52, 59);
INSERT INTO MOVIE_PURCHASED (PurchaseID, MovieID) VALUES (138, 85);
INSERT INTO CUSTOMER_OWNS (CustomerID, MovieID) VALUES (8, 85);
INSERT INTO MOVIE_PURCHASED (PurchaseID, MovieID) VALUES (138, 65);
INSERT INTO CUSTOMER_OWNS (CustomerID, MovieID) VALUES (8, 65);
INSERT INTO MOVIE_PURCHASED (PurchaseID, MovieID) VALUES (138, 51);
INSERT INTO CUSTOMER_OWNS (CustomerID, MovieID) VALUES (8, 51);
INSERT INTO MOVIE_PURCHASED (PurchaseID, MovieID) VALUES (139, 88);
INSERT INTO CUSTOMER_OWNS (CustomerID, MovieID) VALUES (91, 88);
INSERT INTO MOVIE_PURCHASED (PurchaseID, MovieID) VALUES (139, 59);
INSERT INTO CUSTOMER_OWNS (CustomerID, MovieID) VALUES (91, 59);
INSERT INTO MOVIE_PURCHASED (PurchaseID, MovieID) VALUES (139, 80);
INSERT INTO CUSTOMER_OWNS (CustomerID, MovieID) VALUES (91, 80);
INSERT INTO MOVIE_PURCHASED (PurchaseID, MovieID) VALUES (140, 23);
INSERT INTO CUSTOMER_OWNS (CustomerID, MovieID) VALUES (92, 23);
INSERT INTO MOVIE_PURCHASED (PurchaseID, MovieID) VALUES (141, 25);
INSERT INTO CUSTOMER_OWNS (CustomerID, MovieID) VALUES (92, 25);
INSERT INTO MOVIE_PURCHASED (PurchaseID, MovieID) VALUES (141, 86);
INSERT INTO CUSTOMER_OWNS (CustomerID, MovieID) VALUES (92, 86);
INSERT INTO MOVIE_PURCHASED (PurchaseID, MovieID) VALUES (141, 31);
INSERT INTO CUSTOMER_OWNS (CustomerID, MovieID) VALUES (92, 31);
INSERT INTO MOVIE_PURCHASED (PurchaseID, MovieID) VALUES (142, 56);
INSERT INTO CUSTOMER_OWNS (CustomerID, MovieID) VALUES (29, 56);
INSERT INTO MOVIE_PURCHASED (PurchaseID, MovieID) VALUES (142, 66);
INSERT INTO CUSTOMER_OWNS (CustomerID, MovieID) VALUES (29, 66);
INSERT INTO MOVIE_PURCHASED (PurchaseID, MovieID) VALUES (143, 56);
INSERT INTO MOVIE_PURCHASED (PurchaseID, MovieID) VALUES (144, 5);
INSERT INTO CUSTOMER_OWNS (CustomerID, MovieID) VALUES (19, 5);
INSERT INTO MOVIE_PURCHASED (PurchaseID, MovieID) VALUES (144, 82);
INSERT INTO CUSTOMER_OWNS (CustomerID, MovieID) VALUES (19, 82);
INSERT INTO MOVIE_PURCHASED (PurchaseID, MovieID) VALUES (145, 29);
INSERT INTO CUSTOMER_OWNS (CustomerID, MovieID) VALUES (52, 29);
INSERT INTO MOVIE_PURCHASED (PurchaseID, MovieID) VALUES (145, 42);
INSERT INTO CUSTOMER_OWNS (CustomerID, MovieID) VALUES (52, 42);
INSERT INTO MOVIE_PURCHASED (PurchaseID, MovieID) VALUES (145, 1);
INSERT INTO CUSTOMER_OWNS (CustomerID, MovieID) VALUES (52, 1);
INSERT INTO MOVIE_PURCHASED (PurchaseID, MovieID) VALUES (146, 33);
INSERT INTO CUSTOMER_OWNS (CustomerID, MovieID) VALUES (63, 33);
INSERT INTO MOVIE_PURCHASED (PurchaseID, MovieID) VALUES (147, 41);
INSERT INTO CUSTOMER_OWNS (CustomerID, MovieID) VALUES (82, 41);
INSERT INTO MOVIE_PURCHASED (PurchaseID, MovieID) VALUES (147, 52);
INSERT INTO CUSTOMER_OWNS (CustomerID, MovieID) VALUES (82, 52);
INSERT INTO MOVIE_PURCHASED (PurchaseID, MovieID) VALUES (147, 46);
INSERT INTO CUSTOMER_OWNS (CustomerID, MovieID) VALUES (82, 46);
INSERT INTO MOVIE_PURCHASED (PurchaseID, MovieID) VALUES (148, 32);
INSERT INTO CUSTOMER_OWNS (CustomerID, MovieID) VALUES (10, 32);
INSERT INTO MOVIE_PURCHASED (PurchaseID, MovieID) VALUES (149, 41);
INSERT INTO CUSTOMER_OWNS (CustomerID, MovieID) VALUES (6, 41);
INSERT INTO MOVIE_PURCHASED (PurchaseID, MovieID) VALUES (150, 79);
INSERT INTO CUSTOMER_OWNS (CustomerID, MovieID) VALUES (97, 79);
INSERT INTO MOVIE_PURCHASED (PurchaseID, MovieID) VALUES (151, 20);
INSERT INTO CUSTOMER_OWNS (CustomerID, MovieID) VALUES (14, 20);
INSERT INTO MOVIE_PURCHASED (PurchaseID, MovieID) VALUES (151, 98);
INSERT INTO CUSTOMER_OWNS (CustomerID, MovieID) VALUES (14, 98);
INSERT INTO MOVIE_PURCHASED (PurchaseID, MovieID) VALUES (152, 22);
INSERT INTO CUSTOMER_OWNS (CustomerID, MovieID) VALUES (68, 22);
INSERT INTO MOVIE_PURCHASED (PurchaseID, MovieID) VALUES (152, 62);
INSERT INTO CUSTOMER_OWNS (CustomerID, MovieID) VALUES (68, 62);
INSERT INTO MOVIE_PURCHASED (PurchaseID, MovieID) VALUES (153, 21);
INSERT INTO CUSTOMER_OWNS (CustomerID, MovieID) VALUES (11, 21);
INSERT INTO MOVIE_PURCHASED (PurchaseID, MovieID) VALUES (153, 76);
INSERT INTO CUSTOMER_OWNS (CustomerID, MovieID) VALUES (11, 76);
INSERT INTO MOVIE_PURCHASED (PurchaseID, MovieID) VALUES (153, 93);
INSERT INTO CUSTOMER_OWNS (CustomerID, MovieID) VALUES (11, 93);
INSERT INTO MOVIE_PURCHASED (PurchaseID, MovieID) VALUES (154, 49);
INSERT INTO CUSTOMER_OWNS (CustomerID, MovieID) VALUES (52, 49);
INSERT INTO MOVIE_PURCHASED (PurchaseID, MovieID) VALUES (155, 72);
INSERT INTO CUSTOMER_OWNS (CustomerID, MovieID) VALUES (71, 72);
INSERT INTO MOVIE_PURCHASED (PurchaseID, MovieID) VALUES (155, 66);
INSERT INTO CUSTOMER_OWNS (CustomerID, MovieID) VALUES (71, 66);
INSERT INTO MOVIE_PURCHASED (PurchaseID, MovieID) VALUES (155, 21);
INSERT INTO CUSTOMER_OWNS (CustomerID, MovieID) VALUES (71, 21);
INSERT INTO MOVIE_PURCHASED (PurchaseID, MovieID) VALUES (156, 55);
INSERT INTO CUSTOMER_OWNS (CustomerID, MovieID) VALUES (30, 55);
INSERT INTO MOVIE_PURCHASED (PurchaseID, MovieID) VALUES (156, 3);
INSERT INTO CUSTOMER_OWNS (CustomerID, MovieID) VALUES (30, 3);
INSERT INTO MOVIE_PURCHASED (PurchaseID, MovieID) VALUES (157, 90);
INSERT INTO CUSTOMER_OWNS (CustomerID, MovieID) VALUES (79, 90);
INSERT INTO MOVIE_PURCHASED (PurchaseID, MovieID) VALUES (158, 86);
INSERT INTO CUSTOMER_OWNS (CustomerID, MovieID) VALUES (27, 86);
INSERT INTO MOVIE_PURCHASED (PurchaseID, MovieID) VALUES (158, 40);
INSERT INTO CUSTOMER_OWNS (CustomerID, MovieID) VALUES (27, 40);
INSERT INTO MOVIE_PURCHASED (PurchaseID, MovieID) VALUES (158, 67);
INSERT INTO CUSTOMER_OWNS (CustomerID, MovieID) VALUES (27, 67);
INSERT INTO MOVIE_PURCHASED (PurchaseID, MovieID) VALUES (159, 85);
INSERT INTO CUSTOMER_OWNS (CustomerID, MovieID) VALUES (19, 85);
INSERT INTO MOVIE_PURCHASED (PurchaseID, MovieID) VALUES (160, 43);
INSERT INTO CUSTOMER_OWNS (CustomerID, MovieID) VALUES (95, 43);
INSERT INTO MOVIE_PURCHASED (PurchaseID, MovieID) VALUES (161, 79);
INSERT INTO CUSTOMER_OWNS (CustomerID, MovieID) VALUES (88, 79);
INSERT INTO MOVIE_PURCHASED (PurchaseID, MovieID) VALUES (162, 9);
INSERT INTO CUSTOMER_OWNS (CustomerID, MovieID) VALUES (87, 9);
INSERT INTO MOVIE_PURCHASED (PurchaseID, MovieID) VALUES (163, 95);
INSERT INTO CUSTOMER_OWNS (CustomerID, MovieID) VALUES (13, 95);
INSERT INTO MOVIE_PURCHASED (PurchaseID, MovieID) VALUES (163, 16);
INSERT INTO CUSTOMER_OWNS (CustomerID, MovieID) VALUES (13, 16);
INSERT INTO MOVIE_PURCHASED (PurchaseID, MovieID) VALUES (164, 71);
INSERT INTO CUSTOMER_OWNS (CustomerID, MovieID) VALUES (100, 71);
INSERT INTO MOVIE_PURCHASED (PurchaseID, MovieID) VALUES (165, 77);
INSERT INTO CUSTOMER_OWNS (CustomerID, MovieID) VALUES (7, 77);
INSERT INTO MOVIE_PURCHASED (PurchaseID, MovieID) VALUES (165, 99);
INSERT INTO CUSTOMER_OWNS (CustomerID, MovieID) VALUES (7, 99);
INSERT INTO MOVIE_PURCHASED (PurchaseID, MovieID) VALUES (165, 49);
INSERT INTO CUSTOMER_OWNS (CustomerID, MovieID) VALUES (7, 49);
INSERT INTO MOVIE_PURCHASED (PurchaseID, MovieID) VALUES (166, 3);
INSERT INTO CUSTOMER_OWNS (CustomerID, MovieID) VALUES (2, 3);
INSERT INTO MOVIE_PURCHASED (PurchaseID, MovieID) VALUES (166, 51);
INSERT INTO CUSTOMER_OWNS (CustomerID, MovieID) VALUES (2, 51);
INSERT INTO MOVIE_PURCHASED (PurchaseID, MovieID) VALUES (167, 86);
INSERT INTO CUSTOMER_OWNS (CustomerID, MovieID) VALUES (84, 86);
INSERT INTO MOVIE_PURCHASED (PurchaseID, MovieID) VALUES (167, 6);
INSERT INTO CUSTOMER_OWNS (CustomerID, MovieID) VALUES (84, 6);
INSERT INTO MOVIE_PURCHASED (PurchaseID, MovieID) VALUES (167, 13);
INSERT INTO CUSTOMER_OWNS (CustomerID, MovieID) VALUES (84, 13);
INSERT INTO MOVIE_PURCHASED (PurchaseID, MovieID) VALUES (168, 94);
INSERT INTO CUSTOMER_OWNS (CustomerID, MovieID) VALUES (27, 94);
INSERT INTO MOVIE_PURCHASED (PurchaseID, MovieID) VALUES (168, 63);
INSERT INTO CUSTOMER_OWNS (CustomerID, MovieID) VALUES (27, 63);
INSERT INTO MOVIE_PURCHASED (PurchaseID, MovieID) VALUES (169, 68);
INSERT INTO CUSTOMER_OWNS (CustomerID, MovieID) VALUES (84, 68);
INSERT INTO MOVIE_PURCHASED (PurchaseID, MovieID) VALUES (170, 80);
INSERT INTO CUSTOMER_OWNS (CustomerID, MovieID) VALUES (28, 80);
INSERT INTO MOVIE_PURCHASED (PurchaseID, MovieID) VALUES (171, 70);
INSERT INTO CUSTOMER_OWNS (CustomerID, MovieID) VALUES (86, 70);
INSERT INTO MOVIE_PURCHASED (PurchaseID, MovieID) VALUES (172, 80);
INSERT INTO CUSTOMER_OWNS (CustomerID, MovieID) VALUES (59, 80);
INSERT INTO MOVIE_PURCHASED (PurchaseID, MovieID) VALUES (173, 27);
INSERT INTO MOVIE_PURCHASED (PurchaseID, MovieID) VALUES (173, 24);
INSERT INTO MOVIE_PURCHASED (PurchaseID, MovieID) VALUES (173, 19);
INSERT INTO MOVIE_PURCHASED (PurchaseID, MovieID) VALUES (174, 68);
INSERT INTO CUSTOMER_OWNS (CustomerID, MovieID) VALUES (44, 68);
INSERT INTO MOVIE_PURCHASED (PurchaseID, MovieID) VALUES (174, 1);
INSERT INTO CUSTOMER_OWNS (CustomerID, MovieID) VALUES (44, 1);
INSERT INTO MOVIE_PURCHASED (PurchaseID, MovieID) VALUES (174, 14);
INSERT INTO CUSTOMER_OWNS (CustomerID, MovieID) VALUES (44, 14);
INSERT INTO MOVIE_PURCHASED (PurchaseID, MovieID) VALUES (175, 25);
INSERT INTO CUSTOMER_OWNS (CustomerID, MovieID) VALUES (81, 25);
INSERT INTO MOVIE_PURCHASED (PurchaseID, MovieID) VALUES (175, 66);
INSERT INTO CUSTOMER_OWNS (CustomerID, MovieID) VALUES (81, 66);
INSERT INTO MOVIE_PURCHASED (PurchaseID, MovieID) VALUES (176, 89);
INSERT INTO CUSTOMER_OWNS (CustomerID, MovieID) VALUES (50, 89);
INSERT INTO MOVIE_PURCHASED (PurchaseID, MovieID) VALUES (177, 60);
INSERT INTO CUSTOMER_OWNS (CustomerID, MovieID) VALUES (91, 60);
INSERT INTO MOVIE_PURCHASED (PurchaseID, MovieID) VALUES (177, 50);
INSERT INTO CUSTOMER_OWNS (CustomerID, MovieID) VALUES (91, 50);
INSERT INTO MOVIE_PURCHASED (PurchaseID, MovieID) VALUES (178, 55);
INSERT INTO CUSTOMER_OWNS (CustomerID, MovieID) VALUES (68, 55);
INSERT INTO MOVIE_PURCHASED (PurchaseID, MovieID) VALUES (178, 31);
INSERT INTO CUSTOMER_OWNS (CustomerID, MovieID) VALUES (68, 31);
INSERT INTO MOVIE_PURCHASED (PurchaseID, MovieID) VALUES (179, 56);
INSERT INTO CUSTOMER_OWNS (CustomerID, MovieID) VALUES (95, 56);
INSERT INTO MOVIE_PURCHASED (PurchaseID, MovieID) VALUES (180, 48);
INSERT INTO CUSTOMER_OWNS (CustomerID, MovieID) VALUES (53, 48);
INSERT INTO MOVIE_PURCHASED (PurchaseID, MovieID) VALUES (180, 23);
INSERT INTO CUSTOMER_OWNS (CustomerID, MovieID) VALUES (53, 23);
INSERT INTO MOVIE_PURCHASED (PurchaseID, MovieID) VALUES (181, 60);
INSERT INTO CUSTOMER_OWNS (CustomerID, MovieID) VALUES (67, 60);
INSERT INTO MOVIE_PURCHASED (PurchaseID, MovieID) VALUES (181, 67);
INSERT INTO CUSTOMER_OWNS (CustomerID, MovieID) VALUES (67, 67);
INSERT INTO MOVIE_PURCHASED (PurchaseID, MovieID) VALUES (181, 22);
INSERT INTO CUSTOMER_OWNS (CustomerID, MovieID) VALUES (67, 22);
INSERT INTO MOVIE_PURCHASED (PurchaseID, MovieID) VALUES (182, 30);
INSERT INTO CUSTOMER_OWNS (CustomerID, MovieID) VALUES (31, 30);
INSERT INTO MOVIE_PURCHASED (PurchaseID, MovieID) VALUES (183, 98);
INSERT INTO CUSTOMER_OWNS (CustomerID, MovieID) VALUES (6, 98);
INSERT INTO MOVIE_PURCHASED (PurchaseID, MovieID) VALUES (184, 68);
INSERT INTO CUSTOMER_OWNS (CustomerID, MovieID) VALUES (79, 68);
INSERT INTO MOVIE_PURCHASED (PurchaseID, MovieID) VALUES (184, 67);
INSERT INTO CUSTOMER_OWNS (CustomerID, MovieID) VALUES (79, 67);
INSERT INTO MOVIE_PURCHASED (PurchaseID, MovieID) VALUES (185, 83);
INSERT INTO CUSTOMER_OWNS (CustomerID, MovieID) VALUES (11, 83);
INSERT INTO MOVIE_PURCHASED (PurchaseID, MovieID) VALUES (185, 66);
INSERT INTO CUSTOMER_OWNS (CustomerID, MovieID) VALUES (11, 66);
INSERT INTO MOVIE_PURCHASED (PurchaseID, MovieID) VALUES (185, 8);
INSERT INTO CUSTOMER_OWNS (CustomerID, MovieID) VALUES (11, 8);
INSERT INTO MOVIE_PURCHASED (PurchaseID, MovieID) VALUES (186, 31);
INSERT INTO CUSTOMER_OWNS (CustomerID, MovieID) VALUES (88, 31);
INSERT INTO MOVIE_PURCHASED (PurchaseID, MovieID) VALUES (186, 8);
INSERT INTO CUSTOMER_OWNS (CustomerID, MovieID) VALUES (88, 8);
INSERT INTO MOVIE_PURCHASED (PurchaseID, MovieID) VALUES (187, 96);
INSERT INTO CUSTOMER_OWNS (CustomerID, MovieID) VALUES (25, 96);
INSERT INTO MOVIE_PURCHASED (PurchaseID, MovieID) VALUES (187, 88);
INSERT INTO CUSTOMER_OWNS (CustomerID, MovieID) VALUES (25, 88);
INSERT INTO MOVIE_PURCHASED (PurchaseID, MovieID) VALUES (187, 18);
INSERT INTO CUSTOMER_OWNS (CustomerID, MovieID) VALUES (25, 18);
INSERT INTO MOVIE_PURCHASED (PurchaseID, MovieID) VALUES (188, 36);
INSERT INTO CUSTOMER_OWNS (CustomerID, MovieID) VALUES (34, 36);
INSERT INTO MOVIE_PURCHASED (PurchaseID, MovieID) VALUES (189, 76);
INSERT INTO CUSTOMER_OWNS (CustomerID, MovieID) VALUES (86, 76);
INSERT INTO MOVIE_PURCHASED (PurchaseID, MovieID) VALUES (189, 84);
INSERT INTO CUSTOMER_OWNS (CustomerID, MovieID) VALUES (86, 84);
INSERT INTO MOVIE_PURCHASED (PurchaseID, MovieID) VALUES (189, 47);
INSERT INTO CUSTOMER_OWNS (CustomerID, MovieID) VALUES (86, 47);
INSERT INTO MOVIE_PURCHASED (PurchaseID, MovieID) VALUES (190, 59);
INSERT INTO CUSTOMER_OWNS (CustomerID, MovieID) VALUES (37, 59);
INSERT INTO MOVIE_PURCHASED (PurchaseID, MovieID) VALUES (191, 10);
INSERT INTO CUSTOMER_OWNS (CustomerID, MovieID) VALUES (26, 10);
INSERT INTO MOVIE_PURCHASED (PurchaseID, MovieID) VALUES (191, 7);
INSERT INTO CUSTOMER_OWNS (CustomerID, MovieID) VALUES (26, 7);
INSERT INTO MOVIE_PURCHASED (PurchaseID, MovieID) VALUES (192, 75);
INSERT INTO CUSTOMER_OWNS (CustomerID, MovieID) VALUES (27, 75);
INSERT INTO MOVIE_PURCHASED (PurchaseID, MovieID) VALUES (193, 30);
INSERT INTO CUSTOMER_OWNS (CustomerID, MovieID) VALUES (3, 30);
INSERT INTO MOVIE_PURCHASED (PurchaseID, MovieID) VALUES (193, 73);
INSERT INTO CUSTOMER_OWNS (CustomerID, MovieID) VALUES (3, 73);
INSERT INTO MOVIE_PURCHASED (PurchaseID, MovieID) VALUES (193, 62);
INSERT INTO CUSTOMER_OWNS (CustomerID, MovieID) VALUES (3, 62);
INSERT INTO MOVIE_PURCHASED (PurchaseID, MovieID) VALUES (194, 34);
INSERT INTO CUSTOMER_OWNS (CustomerID, MovieID) VALUES (15, 34);
INSERT INTO MOVIE_PURCHASED (PurchaseID, MovieID) VALUES (194, 100);
INSERT INTO CUSTOMER_OWNS (CustomerID, MovieID) VALUES (15, 100);
INSERT INTO MOVIE_PURCHASED (PurchaseID, MovieID) VALUES (195, 92);
INSERT INTO CUSTOMER_OWNS (CustomerID, MovieID) VALUES (61, 92);
INSERT INTO MOVIE_PURCHASED (PurchaseID, MovieID) VALUES (195, 68);
INSERT INTO CUSTOMER_OWNS (CustomerID, MovieID) VALUES (61, 68);
INSERT INTO MOVIE_PURCHASED (PurchaseID, MovieID) VALUES (196, 96);
INSERT INTO CUSTOMER_OWNS (CustomerID, MovieID) VALUES (1, 96);
INSERT INTO MOVIE_PURCHASED (PurchaseID, MovieID) VALUES (196, 98);
INSERT INTO CUSTOMER_OWNS (CustomerID, MovieID) VALUES (1, 98);
INSERT INTO MOVIE_PURCHASED (PurchaseID, MovieID) VALUES (197, 70);
INSERT INTO CUSTOMER_OWNS (CustomerID, MovieID) VALUES (91, 70);
INSERT INTO MOVIE_PURCHASED (PurchaseID, MovieID) VALUES (197, 60);
INSERT INTO CUSTOMER_OWNS (CustomerID, MovieID) VALUES (91, 60);
INSERT INTO MOVIE_PURCHASED (PurchaseID, MovieID) VALUES (198, 27);
INSERT INTO CUSTOMER_OWNS (CustomerID, MovieID) VALUES (99, 27);
INSERT INTO MOVIE_PURCHASED (PurchaseID, MovieID) VALUES (198, 28);
INSERT INTO CUSTOMER_OWNS (CustomerID, MovieID) VALUES (99, 28);
INSERT INTO MOVIE_PURCHASED (PurchaseID, MovieID) VALUES (199, 65);
INSERT INTO CUSTOMER_OWNS (CustomerID, MovieID) VALUES (13, 65);
INSERT INTO MOVIE_PURCHASED (PurchaseID, MovieID) VALUES (199, 99);
INSERT INTO CUSTOMER_OWNS (CustomerID, MovieID) VALUES (13, 99);
INSERT INTO MOVIE_PURCHASED (PurchaseID, MovieID) VALUES (199, 41);
INSERT INTO CUSTOMER_OWNS (CustomerID, MovieID) VALUES (13, 41);
INSERT INTO MOVIE_PURCHASED (PurchaseID, MovieID) VALUES (200, 99);
INSERT INTO CUSTOMER_OWNS (CustomerID, MovieID) VALUES (71, 99);
INSERT INTO MOVIE_PURCHASED (PurchaseID, MovieID) VALUES (200, 30);
INSERT INTO CUSTOMER_OWNS (CustomerID, MovieID) VALUES (71, 30);

INSERT INTO ACTED (ActorID, MovieID) VALUES (1, 84);
INSERT INTO ACTED (ActorID, MovieID) VALUES (1, 78);
INSERT INTO ACTED (ActorID, MovieID) VALUES (1, 86);
INSERT INTO ACTED (ActorID, MovieID) VALUES (2, 64);
INSERT INTO ACTED (ActorID, MovieID) VALUES (2, 31);
INSERT INTO ACTED (ActorID, MovieID) VALUES (3, 55);
INSERT INTO ACTED (ActorID, MovieID) VALUES (3, 12);
INSERT INTO ACTED (ActorID, MovieID) VALUES (4, 94);
INSERT INTO ACTED (ActorID, MovieID) VALUES (4, 33);
INSERT INTO ACTED (ActorID, MovieID) VALUES (4, 29);
INSERT INTO ACTED (ActorID, MovieID) VALUES (5, 71);
INSERT INTO ACTED (ActorID, MovieID) VALUES (5, 41);
INSERT INTO ACTED (ActorID, MovieID) VALUES (5, 63);
INSERT INTO ACTED (ActorID, MovieID) VALUES (6, 30);
INSERT INTO ACTED (ActorID, MovieID) VALUES (6, 44);
INSERT INTO ACTED (ActorID, MovieID) VALUES (7, 18);
INSERT INTO ACTED (ActorID, MovieID) VALUES (7, 10);
INSERT INTO ACTED (ActorID, MovieID) VALUES (8, 83);
INSERT INTO ACTED (ActorID, MovieID) VALUES (8, 14);
INSERT INTO ACTED (ActorID, MovieID) VALUES (9, 60);
INSERT INTO ACTED (ActorID, MovieID) VALUES (9, 59);
INSERT INTO ACTED (ActorID, MovieID) VALUES (9, 37);
INSERT INTO ACTED (ActorID, MovieID) VALUES (10, 98);
INSERT INTO ACTED (ActorID, MovieID) VALUES (11, 72);
INSERT INTO ACTED (ActorID, MovieID) VALUES (11, 92);
INSERT INTO ACTED (ActorID, MovieID) VALUES (12, 6);
INSERT INTO ACTED (ActorID, MovieID) VALUES (12, 85);
INSERT INTO ACTED (ActorID, MovieID) VALUES (13, 80);
INSERT INTO ACTED (ActorID, MovieID) VALUES (13, 70);
INSERT INTO ACTED (ActorID, MovieID) VALUES (14, 78);
INSERT INTO ACTED (ActorID, MovieID) VALUES (14, 2);
INSERT INTO ACTED (ActorID, MovieID) VALUES (14, 22);
INSERT INTO ACTED (ActorID, MovieID) VALUES (15, 97);
INSERT INTO ACTED (ActorID, MovieID) VALUES (15, 6);
INSERT INTO ACTED (ActorID, MovieID) VALUES (16, 36);
INSERT INTO ACTED (ActorID, MovieID) VALUES (16, 28);
INSERT INTO ACTED (ActorID, MovieID) VALUES (17, 74);
INSERT INTO ACTED (ActorID, MovieID) VALUES (17, 62);
INSERT INTO ACTED (ActorID, MovieID) VALUES (17, 67);
INSERT INTO ACTED (ActorID, MovieID) VALUES (18, 66);
INSERT INTO ACTED (ActorID, MovieID) VALUES (19, 70);
INSERT INTO ACTED (ActorID, MovieID) VALUES (19, 40);
INSERT INTO ACTED (ActorID, MovieID) VALUES (20, 93);
INSERT INTO ACTED (ActorID, MovieID) VALUES (20, 51);
INSERT INTO ACTED (ActorID, MovieID) VALUES (21, 33);
INSERT INTO ACTED (ActorID, MovieID) VALUES (21, 24);
INSERT INTO ACTED (ActorID, MovieID) VALUES (22, 61);
INSERT INTO ACTED (ActorID, MovieID) VALUES (22, 97);
INSERT INTO ACTED (ActorID, MovieID) VALUES (22, 45);
INSERT INTO ACTED (ActorID, MovieID) VALUES (23, 39);
INSERT INTO ACTED (ActorID, MovieID) VALUES (23, 10);
INSERT INTO ACTED (ActorID, MovieID) VALUES (23, 34);
INSERT INTO ACTED (ActorID, MovieID) VALUES (24, 71);
INSERT INTO ACTED (ActorID, MovieID) VALUES (25, 15);
INSERT INTO ACTED (ActorID, MovieID) VALUES (25, 40);
INSERT INTO ACTED (ActorID, MovieID) VALUES (25, 74);
INSERT INTO ACTED (ActorID, MovieID) VALUES (26, 62);
INSERT INTO ACTED (ActorID, MovieID) VALUES (27, 18);
INSERT INTO ACTED (ActorID, MovieID) VALUES (27, 34);
INSERT INTO ACTED (ActorID, MovieID) VALUES (28, 77);
INSERT INTO ACTED (ActorID, MovieID) VALUES (29, 44);
INSERT INTO ACTED (ActorID, MovieID) VALUES (30, 83);
INSERT INTO ACTED (ActorID, MovieID) VALUES (30, 36);
INSERT INTO ACTED (ActorID, MovieID) VALUES (30, 18);
INSERT INTO ACTED (ActorID, MovieID) VALUES (31, 60);
INSERT INTO ACTED (ActorID, MovieID) VALUES (31, 72);
INSERT INTO ACTED (ActorID, MovieID) VALUES (32, 98);
INSERT INTO ACTED (ActorID, MovieID) VALUES (32, 75);
INSERT INTO ACTED (ActorID, MovieID) VALUES (33, 85);
INSERT INTO ACTED (ActorID, MovieID) VALUES (33, 69);
INSERT INTO ACTED (ActorID, MovieID) VALUES (33, 33);
INSERT INTO ACTED (ActorID, MovieID) VALUES (34, 57);
INSERT INTO ACTED (ActorID, MovieID) VALUES (35, 45);
INSERT INTO ACTED (ActorID, MovieID) VALUES (35, 58);
INSERT INTO ACTED (ActorID, MovieID) VALUES (35, 18);
INSERT INTO ACTED (ActorID, MovieID) VALUES (36, 33);
INSERT INTO ACTED (ActorID, MovieID) VALUES (36, 44);
INSERT INTO ACTED (ActorID, MovieID) VALUES (36, 39);
INSERT INTO ACTED (ActorID, MovieID) VALUES (37, 54);
INSERT INTO ACTED (ActorID, MovieID) VALUES (38, 99);
INSERT INTO ACTED (ActorID, MovieID) VALUES (39, 17);
INSERT INTO ACTED (ActorID, MovieID) VALUES (40, 94);
INSERT INTO ACTED (ActorID, MovieID) VALUES (41, 54);
INSERT INTO ACTED (ActorID, MovieID) VALUES (42, 48);
INSERT INTO ACTED (ActorID, MovieID) VALUES (42, 69);
INSERT INTO ACTED (ActorID, MovieID) VALUES (43, 28);
INSERT INTO ACTED (ActorID, MovieID) VALUES (43, 33);
INSERT INTO ACTED (ActorID, MovieID) VALUES (43, 40);
INSERT INTO ACTED (ActorID, MovieID) VALUES (44, 38);
INSERT INTO ACTED (ActorID, MovieID) VALUES (45, 17);
INSERT INTO ACTED (ActorID, MovieID) VALUES (45, 84);
INSERT INTO ACTED (ActorID, MovieID) VALUES (45, 12);
INSERT INTO ACTED (ActorID, MovieID) VALUES (46, 14);
INSERT INTO ACTED (ActorID, MovieID) VALUES (46, 82);
INSERT INTO ACTED (ActorID, MovieID) VALUES (46, 98);
INSERT INTO ACTED (ActorID, MovieID) VALUES (47, 35);
INSERT INTO ACTED (ActorID, MovieID) VALUES (48, 8);
INSERT INTO ACTED (ActorID, MovieID) VALUES (48, 36);
INSERT INTO ACTED (ActorID, MovieID) VALUES (49, 20);
INSERT INTO ACTED (ActorID, MovieID) VALUES (49, 17);
INSERT INTO ACTED (ActorID, MovieID) VALUES (50, 98);
INSERT INTO ACTED (ActorID, MovieID) VALUES (50, 53);
INSERT INTO ACTED (ActorID, MovieID) VALUES (51, 46);
INSERT INTO ACTED (ActorID, MovieID) VALUES (51, 48);
INSERT INTO ACTED (ActorID, MovieID) VALUES (52, 58);
INSERT INTO ACTED (ActorID, MovieID) VALUES (53, 74);
INSERT INTO ACTED (ActorID, MovieID) VALUES (53, 31);
INSERT INTO ACTED (ActorID, MovieID) VALUES (54, 8);
INSERT INTO ACTED (ActorID, MovieID) VALUES (55, 90);
INSERT INTO ACTED (ActorID, MovieID) VALUES (56, 46);
INSERT INTO ACTED (ActorID, MovieID) VALUES (56, 28);
INSERT INTO ACTED (ActorID, MovieID) VALUES (56, 16);
INSERT INTO ACTED (ActorID, MovieID) VALUES (57, 12);
INSERT INTO ACTED (ActorID, MovieID) VALUES (58, 78);
INSERT INTO ACTED (ActorID, MovieID) VALUES (58, 20);
INSERT INTO ACTED (ActorID, MovieID) VALUES (59, 30);
INSERT INTO ACTED (ActorID, MovieID) VALUES (59, 71);
INSERT INTO ACTED (ActorID, MovieID) VALUES (60, 21);
INSERT INTO ACTED (ActorID, MovieID) VALUES (60, 1);
INSERT INTO ACTED (ActorID, MovieID) VALUES (61, 54);
INSERT INTO ACTED (ActorID, MovieID) VALUES (61, 82);
INSERT INTO ACTED (ActorID, MovieID) VALUES (62, 96);
INSERT INTO ACTED (ActorID, MovieID) VALUES (63, 53);
INSERT INTO ACTED (ActorID, MovieID) VALUES (63, 55);
INSERT INTO ACTED (ActorID, MovieID) VALUES (63, 86);
INSERT INTO ACTED (ActorID, MovieID) VALUES (64, 60);
INSERT INTO ACTED (ActorID, MovieID) VALUES (64, 22);
INSERT INTO ACTED (ActorID, MovieID) VALUES (64, 27);
INSERT INTO ACTED (ActorID, MovieID) VALUES (65, 46);
INSERT INTO ACTED (ActorID, MovieID) VALUES (65, 41);
INSERT INTO ACTED (ActorID, MovieID) VALUES (66, 89);
INSERT INTO ACTED (ActorID, MovieID) VALUES (66, 1);
INSERT INTO ACTED (ActorID, MovieID) VALUES (66, 86);
INSERT INTO ACTED (ActorID, MovieID) VALUES (67, 91);
INSERT INTO ACTED (ActorID, MovieID) VALUES (68, 100);
INSERT INTO ACTED (ActorID, MovieID) VALUES (69, 73);
INSERT INTO ACTED (ActorID, MovieID) VALUES (69, 60);
INSERT INTO ACTED (ActorID, MovieID) VALUES (69, 69);
INSERT INTO ACTED (ActorID, MovieID) VALUES (70, 84);
INSERT INTO ACTED (ActorID, MovieID) VALUES (70, 9);
INSERT INTO ACTED (ActorID, MovieID) VALUES (71, 33);
INSERT INTO ACTED (ActorID, MovieID) VALUES (72, 85);
INSERT INTO ACTED (ActorID, MovieID) VALUES (73, 14);
INSERT INTO ACTED (ActorID, MovieID) VALUES (73, 36);
INSERT INTO ACTED (ActorID, MovieID) VALUES (74, 100);
INSERT INTO ACTED (ActorID, MovieID) VALUES (74, 29);
INSERT INTO ACTED (ActorID, MovieID) VALUES (75, 87);
INSERT INTO ACTED (ActorID, MovieID) VALUES (76, 62);
INSERT INTO ACTED (ActorID, MovieID) VALUES (77, 4);
INSERT INTO ACTED (ActorID, MovieID) VALUES (78, 73);
INSERT INTO ACTED (ActorID, MovieID) VALUES (78, 59);
INSERT INTO ACTED (ActorID, MovieID) VALUES (79, 59);
INSERT INTO ACTED (ActorID, MovieID) VALUES (79, 33);
INSERT INTO ACTED (ActorID, MovieID) VALUES (79, 52);
INSERT INTO ACTED (ActorID, MovieID) VALUES (80, 60);
INSERT INTO ACTED (ActorID, MovieID) VALUES (80, 91);
INSERT INTO ACTED (ActorID, MovieID) VALUES (80, 38);
INSERT INTO ACTED (ActorID, MovieID) VALUES (81, 42);
INSERT INTO ACTED (ActorID, MovieID) VALUES (81, 62);
INSERT INTO ACTED (ActorID, MovieID) VALUES (82, 65);
INSERT INTO ACTED (ActorID, MovieID) VALUES (82, 71);
INSERT INTO ACTED (ActorID, MovieID) VALUES (82, 26);
INSERT INTO ACTED (ActorID, MovieID) VALUES (83, 87);
INSERT INTO ACTED (ActorID, MovieID) VALUES (84, 66);
INSERT INTO ACTED (ActorID, MovieID) VALUES (84, 64);
INSERT INTO ACTED (ActorID, MovieID) VALUES (84, 47);
INSERT INTO ACTED (ActorID, MovieID) VALUES (85, 82);
INSERT INTO ACTED (ActorID, MovieID) VALUES (86, 90);
INSERT INTO ACTED (ActorID, MovieID) VALUES (86, 82);
INSERT INTO ACTED (ActorID, MovieID) VALUES (86, 15);
INSERT INTO ACTED (ActorID, MovieID) VALUES (87, 53);
INSERT INTO ACTED (ActorID, MovieID) VALUES (87, 77);
INSERT INTO ACTED (ActorID, MovieID) VALUES (88, 99);
INSERT INTO ACTED (ActorID, MovieID) VALUES (88, 83);
INSERT INTO ACTED (ActorID, MovieID) VALUES (88, 77);
INSERT INTO ACTED (ActorID, MovieID) VALUES (89, 79);
INSERT INTO ACTED (ActorID, MovieID) VALUES (89, 50);
INSERT INTO ACTED (ActorID, MovieID) VALUES (89, 65);
INSERT INTO ACTED (ActorID, MovieID) VALUES (90, 84);
INSERT INTO ACTED (ActorID, MovieID) VALUES (91, 42);
INSERT INTO ACTED (ActorID, MovieID) VALUES (91, 32);
INSERT INTO ACTED (ActorID, MovieID) VALUES (91, 57);
INSERT INTO ACTED (ActorID, MovieID) VALUES (92, 38);
INSERT INTO ACTED (ActorID, MovieID) VALUES (92, 67);
INSERT INTO ACTED (ActorID, MovieID) VALUES (92, 14);
INSERT INTO ACTED (ActorID, MovieID) VALUES (93, 88);
INSERT INTO ACTED (ActorID, MovieID) VALUES (93, 52);
INSERT INTO ACTED (ActorID, MovieID) VALUES (93, 84);
INSERT INTO ACTED (ActorID, MovieID) VALUES (94, 8);
INSERT INTO ACTED (ActorID, MovieID) VALUES (94, 10);
INSERT INTO ACTED (ActorID, MovieID) VALUES (95, 11);
INSERT INTO ACTED (ActorID, MovieID) VALUES (96, 81);
INSERT INTO ACTED (ActorID, MovieID) VALUES (96, 51);
INSERT INTO ACTED (ActorID, MovieID) VALUES (97, 98);
INSERT INTO ACTED (ActorID, MovieID) VALUES (97, 74);
INSERT INTO ACTED (ActorID, MovieID) VALUES (98, 96);
INSERT INTO ACTED (ActorID, MovieID) VALUES (99, 38);
INSERT INTO ACTED (ActorID, MovieID) VALUES (99, 100);
INSERT INTO ACTED (ActorID, MovieID) VALUES (99, 17);
INSERT INTO ACTED (ActorID, MovieID) VALUES (100, 52);
INSERT INTO ACTED (ActorID, MovieID) VALUES (100, 32);
INSERT INTO ACTED (ActorID, MovieID) VALUES (101, 92);
INSERT INTO ACTED (ActorID, MovieID) VALUES (101, 99);
INSERT INTO ACTED (ActorID, MovieID) VALUES (102, 26);
INSERT INTO ACTED (ActorID, MovieID) VALUES (102, 35);
INSERT INTO ACTED (ActorID, MovieID) VALUES (103, 64);
INSERT INTO ACTED (ActorID, MovieID) VALUES (103, 69);
INSERT INTO ACTED (ActorID, MovieID) VALUES (104, 3);
INSERT INTO ACTED (ActorID, MovieID) VALUES (105, 52);
INSERT INTO ACTED (ActorID, MovieID) VALUES (105, 51);
INSERT INTO ACTED (ActorID, MovieID) VALUES (105, 45);
INSERT INTO ACTED (ActorID, MovieID) VALUES (106, 4);
INSERT INTO ACTED (ActorID, MovieID) VALUES (107, 60);
INSERT INTO ACTED (ActorID, MovieID) VALUES (107, 8);
INSERT INTO ACTED (ActorID, MovieID) VALUES (108, 54);
INSERT INTO ACTED (ActorID, MovieID) VALUES (108, 10);
INSERT INTO ACTED (ActorID, MovieID) VALUES (109, 92);
INSERT INTO ACTED (ActorID, MovieID) VALUES (110, 60);
INSERT INTO ACTED (ActorID, MovieID) VALUES (111, 16);
INSERT INTO ACTED (ActorID, MovieID) VALUES (111, 95);
INSERT INTO ACTED (ActorID, MovieID) VALUES (112, 83);
INSERT INTO ACTED (ActorID, MovieID) VALUES (113, 79);
INSERT INTO ACTED (ActorID, MovieID) VALUES (114, 41);
INSERT INTO ACTED (ActorID, MovieID) VALUES (114, 73);
INSERT INTO ACTED (ActorID, MovieID) VALUES (114, 79);
INSERT INTO ACTED (ActorID, MovieID) VALUES (115, 49);
INSERT INTO ACTED (ActorID, MovieID) VALUES (115, 18);
INSERT INTO ACTED (ActorID, MovieID) VALUES (115, 39);
INSERT INTO ACTED (ActorID, MovieID) VALUES (116, 46);
INSERT INTO ACTED (ActorID, MovieID) VALUES (117, 40);
INSERT INTO ACTED (ActorID, MovieID) VALUES (117, 21);
INSERT INTO ACTED (ActorID, MovieID) VALUES (118, 38);
INSERT INTO ACTED (ActorID, MovieID) VALUES (118, 50);
INSERT INTO ACTED (ActorID, MovieID) VALUES (118, 20);
INSERT INTO ACTED (ActorID, MovieID) VALUES (119, 98);
INSERT INTO ACTED (ActorID, MovieID) VALUES (120, 92);
INSERT INTO ACTED (ActorID, MovieID) VALUES (121, 45);
INSERT INTO ACTED (ActorID, MovieID) VALUES (121, 82);
INSERT INTO ACTED (ActorID, MovieID) VALUES (121, 69);
INSERT INTO ACTED (ActorID, MovieID) VALUES (122, 50);
INSERT INTO ACTED (ActorID, MovieID) VALUES (122, 73);
INSERT INTO ACTED (ActorID, MovieID) VALUES (122, 57);
INSERT INTO ACTED (ActorID, MovieID) VALUES (123, 48);
INSERT INTO ACTED (ActorID, MovieID) VALUES (123, 77);
INSERT INTO ACTED (ActorID, MovieID) VALUES (123, 50);
INSERT INTO ACTED (ActorID, MovieID) VALUES (124, 4);
INSERT INTO ACTED (ActorID, MovieID) VALUES (125, 79);
INSERT INTO ACTED (ActorID, MovieID) VALUES (126, 93);
INSERT INTO ACTED (ActorID, MovieID) VALUES (126, 29);
INSERT INTO ACTED (ActorID, MovieID) VALUES (127, 16);
INSERT INTO ACTED (ActorID, MovieID) VALUES (128, 80);
INSERT INTO ACTED (ActorID, MovieID) VALUES (129, 74);
INSERT INTO ACTED (ActorID, MovieID) VALUES (130, 31);
INSERT INTO ACTED (ActorID, MovieID) VALUES (131, 9);
INSERT INTO ACTED (ActorID, MovieID) VALUES (131, 57);
INSERT INTO ACTED (ActorID, MovieID) VALUES (131, 41);
INSERT INTO ACTED (ActorID, MovieID) VALUES (132, 47);
INSERT INTO ACTED (ActorID, MovieID) VALUES (132, 65);
INSERT INTO ACTED (ActorID, MovieID) VALUES (132, 31);
INSERT INTO ACTED (ActorID, MovieID) VALUES (133, 33);
INSERT INTO ACTED (ActorID, MovieID) VALUES (133, 22);
INSERT INTO ACTED (ActorID, MovieID) VALUES (134, 98);
INSERT INTO ACTED (ActorID, MovieID) VALUES (134, 4);
INSERT INTO ACTED (ActorID, MovieID) VALUES (135, 66);
INSERT INTO ACTED (ActorID, MovieID) VALUES (136, 19);
INSERT INTO ACTED (ActorID, MovieID) VALUES (136, 74);
INSERT INTO ACTED (ActorID, MovieID) VALUES (137, 37);
INSERT INTO ACTED (ActorID, MovieID) VALUES (137, 30);
INSERT INTO ACTED (ActorID, MovieID) VALUES (138, 23);
INSERT INTO ACTED (ActorID, MovieID) VALUES (138, 82);
INSERT INTO ACTED (ActorID, MovieID) VALUES (138, 74);
INSERT INTO ACTED (ActorID, MovieID) VALUES (139, 94);
INSERT INTO ACTED (ActorID, MovieID) VALUES (139, 37);
INSERT INTO ACTED (ActorID, MovieID) VALUES (139, 69);
INSERT INTO ACTED (ActorID, MovieID) VALUES (140, 91);
INSERT INTO ACTED (ActorID, MovieID) VALUES (141, 90);
INSERT INTO ACTED (ActorID, MovieID) VALUES (141, 94);
INSERT INTO ACTED (ActorID, MovieID) VALUES (142, 89);
INSERT INTO ACTED (ActorID, MovieID) VALUES (142, 28);
INSERT INTO ACTED (ActorID, MovieID) VALUES (143, 71);
INSERT INTO ACTED (ActorID, MovieID) VALUES (143, 77);
INSERT INTO ACTED (ActorID, MovieID) VALUES (143, 93);
INSERT INTO ACTED (ActorID, MovieID) VALUES (144, 56);
INSERT INTO ACTED (ActorID, MovieID) VALUES (145, 93);
INSERT INTO ACTED (ActorID, MovieID) VALUES (145, 21);
INSERT INTO ACTED (ActorID, MovieID) VALUES (146, 41);
INSERT INTO ACTED (ActorID, MovieID) VALUES (146, 91);
INSERT INTO ACTED (ActorID, MovieID) VALUES (147, 18);
INSERT INTO ACTED (ActorID, MovieID) VALUES (147, 92);
INSERT INTO ACTED (ActorID, MovieID) VALUES (147, 1);
INSERT INTO ACTED (ActorID, MovieID) VALUES (148, 42);
INSERT INTO ACTED (ActorID, MovieID) VALUES (148, 30);
INSERT INTO ACTED (ActorID, MovieID) VALUES (148, 3);
INSERT INTO ACTED (ActorID, MovieID) VALUES (149, 61);
INSERT INTO ACTED (ActorID, MovieID) VALUES (149, 94);
INSERT INTO ACTED (ActorID, MovieID) VALUES (149, 38);
INSERT INTO ACTED (ActorID, MovieID) VALUES (150, 30);


